Restaurant_Name,LocalityCity
AB's - Absolute Barbecues,"Hinjawadi, Pune, India"
I Amsterdam,"Hinjawadi, Pune, India"
Flechazo,"Wakad, Pune, India"
Barbeque Nation - Sayaji Hotel,"Wakad, Pune, India"
BeHive,"Hinjawadi, Pune, India"
Barbeque Ville,"Wakad, Pune, India"
Tarsh Gastronomia,"Hinjawadi, Pune, India"
TTF - The Tenth Floor,"Baner, Pune, India"
The Barkhana,"Wakad, Pune, India"
Publiq,"Hinjawadi, Pune, India"
The Ruby Hilltop - Sunny's World,"Sus, Pune, India"
The FML Lounge,"Hinjawadi, Pune, India"
Spice Factory,"Hinjawadi, Pune, India"
The Urban Foundry,"Baner, Pune, India"
Universal Barbeque,"Hinjawadi, Pune, India"
Urbo,"Baner, Pune, India"
Darshan,"Baner, Pune, India"
Blu Grass,"Hinjawadi, Pune, India"
Tatva The Vegetarian Kitchen,"Wakad, Pune, India"
Agent Jack's,"Baner, Pune, India"
Linkin Barrel,"Baner, Pune, India"
Fly High,"Hinjawadi, Pune, India"
Thikana,"Hinjawadi, Pune, India"
Cuba Libre,"Wakad, Pune, India"
Ministry Of Barbeque,"Wakad, Pune, India"
Anna Idli,"Baner, Pune, India"
Azzurro,"Baner, Pune, India"
Gong,"Baner, Pune, India"
Marine Drive,"Hinjawadi, Pune, India"
Highland,"Baner, Pune, India"
Lad Restaurant,"Wakad, Pune, India"
Effingut Brewerkz,"Baner, Pune, India"
McDonald's,"Aundh, Pune, India"
Tatyancha Dhaba,"Baner, Pune, India"
Cafe Blu - Radisson Blu,"Hinjawadi, Pune, India"
Nawab Asia,"Baner, Pune, India"
True Tramm Trunk,"Aundh, Pune, India"
Madari - The Crazy Bar,"Baner, Pune, India"
Sigree,"Aundh, Pune, India"
Mezza 9,"Hinjawadi, Pune, India"
Mughal Mahal,"Hinjawadi, Pune, India"
Son Of A Gun,"Baner, Pune, India"
Green Park,"Baner, Pune, India"
FOMO,"Hinjawadi, Pune, India"
Rubabdaar,"Baner, Pune, India"
Apache High Street,"Baner, Pune, India"
Italy Via Punjab,"Baner, Pune, India"
Portico - Sayaji Hotel,"Wakad, Pune, India"
Desi Dhaba,"Hinjawadi, Pune, India"
The K Factory,"Baner, Pune, India"
Turque - Sayaji Hotel,"Wakad, Pune, India"
Rangla Punjab,"Pashan, Pune, India"
Frozen Monkey,"Hinjawadi, Pune, India"
Karolbaug The Dhaba,"Hinjawadi, Pune, India"
The Tasty Tiffin,"Baner, Pune, India"
Pink Turbann,"Aundh, Pune, India"
Falahaar,"Baner, Pune, India"
Lager Street - Lounge and Bar,"Balewadi, Pune, India"
Citrus Cafe - Lemon Tree Hotel,"Hinjawadi, Pune, India"
Over The Top - Radisson Blu,"Hinjawadi, Pune, India"
Fish On Dish,"Wakad, Pune, India"
Flute,"Wakad, Pune, India"
UFO Fries & Corn,"Wakad, Pune, India"
Upsouth,"Aundh, Pune, India"
Mealstory,"Hinjawadi, Pune, India"
TiffinGeek,"Wakad, Pune, India"
Maratha Samrat,"Baner, Pune, India"
Swig,"Baner, Pune, India"
Levit 8,"Aundh, Pune, India"
Mojo Pizza- 2X Toppings,"Hinjawadi, Pune, India"
Ya Basa-The Dhaba,"Baner, Pune, India"
MoMo Cafe - Courtyard By Marriott Pune Hinjawadi,"Hinjawadi, Pune, India"
WYNKK,"Baner, Pune, India"
"Incognito - Restaurant, Bar & Cafe","Baner, Pune, India"
Jashn E Punjab,"Baner, Pune, India"
Malgudi Station,"Baner, Pune, India"
Raasta Cafe,"Baner, Pune, India"
Fresh Bake,"Hinjawadi, Pune, India"
The Cloud Kitchen,"Baner, Pune, India"
Chinese Factory,"Wakad, Pune, India"
Area 51,"Baner, Pune, India"
KFC,"Hinjawadi, Pune, India"
Taaareef,"Aundh, Pune, India"
Shrinidhi's Hyderabadi Spice,"Aundh, Pune, India"
Bird Valley,"Wakad, Pune, India"
Late Lateef,"Aundh, Pune, India"
Piccadilly Cafe,"Baner, Pune, India"
Playboy Beer Garden,"Baner, Pune, India"
Origin Bistro,"Pashan, Pune, India"
Tea Trails Cafe,"Aundh, Pune, India"
L'Apicio,"Aundh, Pune, India"
Bantoos,"Baner, Pune, India"
Ostro Multi Cuisine Restaurant,"Hinjawadi, Pune, India"
Paratha King,"Hinjawadi, Pune, India"
Gourmet Union - World Cuisine and Bar,"Baner, Pune, India"
Cafe Hours Food & Bookstore Cafe,"Wakad, Pune, India"
Farmaaish,"Baner, Pune, India"
The IT City Bar-B-Q,"Hinjawadi, Pune, India"
Kadar Khan's Sheesha,"Baner, Pune, India"
7th Heaven,"Baner, Pune, India"
Hotel Vijay- The Taste Of Tamil Nadu,"Hinjawadi, Pune, India"
Ratri Yatri,"Aundh, Pune, India"
Bhairavee Pure Veg Restaurant,"Baner, Pune, India"
La Pizzeria,"Baner, Pune, India"
KSL Exprs,"Aundh, Pune, India"
KGN Xprs,"Wakad, Pune, India"
Mr Rabbit's Bar & Burrow,"Baner, Pune, India"
KSL Biryani House,"Aundh, Pune, India"
Post 91 - Infinity Rooftop Restaurant,"Baner, Pune, India"
Deewan Khana,"Balewadi, Pune, India"
A Taste Of Indore,"Wakad, Pune, India"
D'nozzo Chinese Food Hub,"Balewadi, Pune, India"
Zura Sizzler Kitchen,"Balewadi, Pune, India"
Five Fat Monks,"Baner, Pune, India"
Naayab,"Aundh, Pune, India"
Sai Kok-pa Chinese,"Baner, Pune, India"
Sarjaa,"Aundh, Pune, India"
Kafe Fusion,"Baner, Pune, India"
Kathputli - The Drunken Puppet,"Baner, Pune, India"
Buon Cibo- The Italian Cafe,"Baner, Pune, India"
Reddy's Biryani Zone,"Hinjawadi, Pune, India"
Wada Culture,"Baner, Pune, India"
Nirvighnam,"Balewadi, Pune, India"
The Havelii,"Baner, Pune, India"
Shaam-E-Awadh,"Aundh, Pune, India"
Chizzlers,"Pashan, Pune, India"
Savera Meals,"Baner, Pune, India"
KarolBaug- Dawat-e-Mehfil,"Aundh, Pune, India"
Genuine Broaster Chicken,"Baner, Pune, India"
Raqabdaars,"Aundh, Pune, India"
FatCook,"Baner, Pune, India"
Flying Duck Co.,"Baner, Pune, India"
The Blue Plate,"Aundh, Pune, India"
Andaground,"Baner, Pune, India"
The Flour Works,"Baner, Pune, India"
The Saucy Side,"Wakad, Pune, India"
Ambrosios,"Hinjawadi, Pune, India"
The Curious Restro Lounge,"Baner, Pune, India"
Zayka,"Balewadi, Pune, India"
Charcoal Eats,"Wakad, Pune, India"
The Good Bowl,"Baner, Pune, India"
Manali-Family Resto Bar,"Baner, Pune, India"
Brain Freeze Ice Cream & Desserts,"Baner, Pune, India"
Orion,"Baner, Pune, India"
Akhtarâ€™s Samosa,"Aundh, Pune, India"
Flavours of Hyderabad,"Baner, Pune, India"
Reddy's Alpha Biryani Point,"Hinjawadi, Pune, India"
Shortcuts - Quick Meals On The Go,"Hinjawadi, Pune, India"
DÃ©jÃ Vu Bistro,"Hinjawadi, Pune, India"
Masti Misal,"Baner, Pune, India"
MasalaBar,"Baner, Pune, India"
Waffle Bites,"Aundh, Pune, India"
EDGE Bar & Lounge,"Hinjawadi, Pune, India"
The Jalebi Point,"Wakad, Pune, India"
Desi Aroma,"Baner, Pune, India"
Chick N Serve,"Hinjawadi, Pune, India"
eSSSetrra,"Baner, Pune, India"
Cream Stone,"Baner, Pune, India"
Chapter Seven Skybar & Kitchen,"Wakad, Pune, India"
Reddy's Restaurant,"Balewadi, Pune, India"
Oye Kiddan,"Baner, Pune, India"
Khasbag Misal,"Baner, Pune, India"
Global Punjab,"Wakad, Pune, India"
Billy's BrewStirs,"Aundh, Pune, India"
The Quick Wok,"Baner, Pune, India"
Paratha King,"Wakad, Pune, India"
Cafe Roberto,"Baner, Pune, India"
Bhairavi,"Wakad, Pune, India"
Kimling,"Aundh, Pune, India"
We Idliwale,"Baner, Pune, India"
B Dazzld,"Wakad, Pune, India"
MomNom,"Baner, Pune, India"
Way Down South Restaurant,"Baner, Pune, India"
Tamil Nadu Restaurant,"Hinjawadi, Pune, India"
Rahul Restaurant & Bar,"Aundh, Pune, India"
Hari Om Juice Bar,"Baner, Pune, India"
Bebe Di Rasoi,"Wakad, Pune, India"
Mughal's Zaika,"Pashan, Pune, India"
Merazo,"Wakad, Pune, India"
B Box,"Balewadi, Pune, India"
Central Cafe - Shawarma and Burgers,"Hinjawadi, Pune, India"
Slounge - Lemon Tree Hotel,"Hinjawadi, Pune, India"
Kaka Halwai,"Aundh, Pune, India"
Flavours Street,"Baner, Pune, India"
Fabcafe,"Baner, Pune, India"
Terttulia Bistro,"Baner, Pune, India"
Vintage 7,"Aundh, Pune, India"
ALLEPPEESÂ® Kerala Restaurant,"Hinjawadi, Pune, India"
Amritsari,"Wakad, Pune, India"
Green Ways,"Wakad, Pune, India"
The Greedy Man Pizzeria & Bar,"Baner, Pune, India"
Shiv Paratha With Maya,"Wakad, Pune, India"
Polka Dots,"Aundh, Pune, India"
Ramdev Dhaba Pure Veg Family Restaurants,"Wakad, Pune, India"
Skewers Kebab CafÃ©,"Hinjawadi, Pune, India"
Swad Gomantak,"Wakad, Pune, India"
Talli Twist,"Wakad, Pune, India"
Rice Wise,"Baner, Pune, India"
Tiffina,"Wakad, Pune, India"
Amrita Pure Veg,"Baner, Pune, India"
Punjabi Amritsari Kulcha,"Wakad, Pune, India"
Wada By Hotel Gavran Tadka,"Pashan, Pune, India"
Mexican Maven,"Hinjawadi, Pune, India"
Odisha Hotel,"Wakad, Pune, India"
Caribbean Cafe,"Wakad, Pune, India"
The Lands End Cafe,"Wakad, Pune, India"
Wafflin' Around,"Aundh, Pune, India"
De Baillio,"Baner, Pune, India"
Dakkhan Spice,"Wakad, Pune, India"
Via Indore,"Wakad, Pune, India"
Ignite - Courtyard By Marriott Pune Hinjawadi,"Hinjawadi, Pune, India"
Eatsome,"Baner, Pune, India"
The Long Bar,"Wakad, Pune, India"
Raavsaab,"Sus, Pune, India"
BBQ Ride India,"Wakad, Pune, India"
Panchavati Gaurav,"Baner, Pune, India"
Yaa Rawaji - Fantastic Food,"Baner, Pune, India"
Mother's Kitchen,"Hinjawadi, Pune, India"
XOzero,"Sus, Pune, India"
Master Egg,"Baner, Pune, India"
Dadu's Sweet Emporio,"Baner, Pune, India"
Banjaras Homely Kitchen,"Pashan, Pune, India"
Neer Southern Kitchen & Bar,"Wakad, Pune, India"
Krunch,"Baner, Pune, India"
How I Mangalore,"Pashan, Pune, India"
The Pasta Bistro,"Balewadi, Pune, India"
Skittles - The Sports Bar,"Wakad, Pune, India"
Overloaded,"Wakad, Pune, India"
K,"Aundh, Pune, India"
Buzz - Vivanta Pune,"Hinjawadi, Pune, India"
Cafe Maroo,"Aundh, Pune, India"
The London Shakes,"Wakad, Pune, India"
DV's Pizza,"Hinjawadi, Pune, India"
Post 91 - Goldmine Buffet,"Baner, Pune, India"
Sigree,"Wakad, Pune, India"
Cafe DIP,"Aundh, Pune, India"
CnP House - Chicken And Paratha,"Pashan, Pune, India"
Squeezo Foods,"Wakad, Pune, India"
Rolls Eat,"Balewadi, Pune, India"
Adraq,"Wakad, Pune, India"
Patang,"Baner, Pune, India"
Idlicious,"Baner, Pune, India"
Down Town Multi Cuisine Restaurant,"Wakad, Pune, India"
Supperyum Court,"Baner, Pune, India"
The Funky Kona,"Baner, Pune, India"
Ai Shiwu,"Hinjawadi, Pune, India"
Kakke Da Paratha,"Hinjawadi, Pune, India"
Bombay Bites & Creams,"Hinjawadi, Pune, India"
Giridhar,"Aundh, Pune, India"
Kekiz The Cake Shop,"Hinjawadi, Pune, India"
High On Bollywood Restaurant & Bar,"Wakad, Pune, India"
Kohli's Firangi Dhaba,"Hinjawadi, Pune, India"
Saffron Multi-Cuisine & Sea Food Restaurant,"Pashan, Pune, India"
Om Namo Snacks,"Wakad, Pune, India"
Godavari Ruchulu,"Hinjawadi, Pune, India"
Ashapuri Dining Hall,"Aundh, Pune, India"
Angaar,"Wakad, Pune, India"
Kalyan Bhel,"Baner, Pune, India"
"I'm Lion, Strictly Non-Veg","Baner, Pune, India"
Mithas,"Aundh, Pune, India"
Two Sticks,"Balewadi, Pune, India"
Prasanna Pure Veg,"Pashan, Pune, India"
Kulfi House,"Balewadi, Pune, India"
Queen's Maggie Fries,"Hinjawadi, Pune, India"
Mr. Paratha,"Wakad, Pune, India"
Veda's Cafe & Tandoor House,"Hinjawadi, Pune, India"
Cafe Royal Villa,"Wakad, Pune, India"
Lazziz - The Hyderabad house,"Hinjawadi, Pune, India"
Chilled Affair,"Wakad, Pune, India"
Hotel Mahabaleshwar,"Baner, Pune, India"
Caffa,"Baner, Pune, India"
Sai Sagar,"Baner, Pune, India"
Belleza,"Wakad, Pune, India"
Lucknow Spice,"Baner, Pune, India"
Urban Hippies,"Wakad, Pune, India"
Happy High Cafe,"Baner, Pune, India"
Burger Day,"Wakad, Pune, India"
Wings House,"Hinjawadi, Pune, India"
The East,"Baner, Pune, India"
Hotel Gayatri,"Aundh, Pune, India"
Baisakhi Flavour of Punjab,"Wakad, Pune, India"
Pagdandi Books Chai Cafe,"Baner, Pune, India"
Kerala Restaurant,"Aundh, Pune, India"
69 Only,"Baner, Pune, India"
Master of Momos,"Wakad, Pune, India"
Mr. Vandal,"Baner, Pune, India"
Tipzo,"Pashan, Pune, India"
Box Din By Barbeque Ville,"Wakad, Pune, India"
Apyayan,"Aundh, Pune, India"
Aaoji Khhaoji - The Veg Bar,"Hinjawadi, Pune, India"
Pune Egg Cafe,"Wakad, Pune, India"
Hobbit,"Baner, Pune, India"
Jalsaa,"Wakad, Pune, India"
Cafe Bake N Bean's,"Baner, Pune, India"
Monginis,"Hinjawadi, Pune, India"
Karolbaug Kebabs & Biryanis,"Baner, Pune, India"
Radha Pure Veg,"Wakad, Pune, India"
Hotel Sagar Garden,"Hinjawadi, Pune, India"
Thambbi,"Baner, Pune, India"
K Rock Resort & Restaurant,"Hinjawadi, Pune, India"
Burger Craft By Street Meat,"Aundh, Pune, India"
K 9 The Schezwan Restaurant,"Wakad, Pune, India"
Gaustu-e-Gourmet,"Hinjawadi, Pune, India"
HUB,"Hinjawadi, Pune, India"
The Asian Box Resto Bar,"Baner, Pune, India"
Yalla Momos,"Pashan, Pune, India"
Balaji Bhel & Snacks,"Baner, Pune, India"
Rastaman Soul Food,"Baner, Pune, India"
PIE - Pan India Eatery,"Baner, Pune, India"
Saundarya Garden,"Hinjawadi, Pune, India"
A Taste Of Indore,"Baner, Pune, India"
VARHADI SAOJI,"Wakad, Pune, India"
Healthy Craving,"Hinjawadi, Pune, India"
Waffle House,"Wakad, Pune, India"
Cafe Unlimited,"Wakad, Pune, India"
Celebrations The Cake Shop,"Wakad, Pune, India"
The Royal Veg,"Wakad, Pune, India"
Ajooba - Desi Khana,"Wakad, Pune, India"
Greens & Olives,"Aundh, Pune, India"
Bundelkhandi Swad,"Wakad, Pune, India"
Chilli Garlic,"Baner, Pune, India"
The Thali Wala,"Wakad, Pune, India"
Down South,"Wakad, Pune, India"
Kaleva- The Paratha House,"Wakad, Pune, India"
Bahubali's House of Paranthas,"Wakad, Pune, India"
Cake Trails,"Baner, Pune, India"
Around The World-Grand Tamanna Hotel,"Hinjawadi, Pune, India"
Good Food Roll House,"Wakad, Pune, India"
Farm-Ville Garden Restaurant,"Sus, Pune, India"
Khushbu Wadapav And Samosa Point,"Hinjawadi, Pune, India"
The Grill N Rolls,"Aundh, Pune, India"
Falak On The Roof,"Wakad, Pune, India"
4 Seasons,"Hinjawadi, Pune, India"
The Meal House,"Aundh, Pune, India"
Food Please,"Hinjawadi, Pune, India"
The Big Chill Bar Underground,"Hinjawadi, Pune, India"
Hotel Royal Indians,"Hinjawadi, Pune, India"
Euphooria Restaurant,"Hinjawadi, Pune, India"
Monk's & Blue's,"Baner, Pune, India"
North O South,"Hinjawadi, Pune, India"
Dilli Di Hatti,"Hinjawadi, Pune, India"
Mafco Chinese Center,"Hinjawadi, Pune, India"
Hotel Chaitanya,"Hinjawadi, Pune, India"
Gully's,"Hinjawadi, Pune, India"
Life Point Cafeteria,"Wakad, Pune, India"
Super Bowl,"Baner, Pune, India"
Raavan Biryani,"Baner, Pune, India"
Craving Station,"Wakad, Pune, India"
Hotel Balaji South Indian Restaurant,"Hinjawadi, Pune, India"
Udta Punjab,"Balewadi, Pune, India"
Kannu Ki Chai,"Wakad, Pune, India"
G Sardar G,"Aundh, Pune, India"
Shambhavi- Pure Veg,"Aundh, Pune, India"
Pyaara Di Haveli,"Baner, Pune, India"
Goodluck Snacks,"Aundh, Pune, India"
Uns Biryanis And Kebabs,"Hinjawadi, Pune, India"
Sanket's Barbeque Delight,"Wakad, Pune, India"
Chinar,"Baner, Pune, India"
Cake N Bake,"Wakad, Pune, India"
Hotel Al Madeena,"Wakad, Pune, India"
Shreshta,"Baner, Pune, India"
The Munching Route - Book Cafe,"Baner, Pune, India"
Chocolate Biclate,"Wakad, Pune, India"
Havmor Ice Cream,"Baner, Pune, India"
Hotel Marathwada,"Wakad, Pune, India"
A1 Biryani House,"Hinjawadi, Pune, India"
Pattal,"Wakad, Pune, India"
100Â° Resto Lounge,"Hinjawadi, Pune, India"
HealthyBee,"Baner, Pune, India"
Ice N Fire SkyLounge,"Baner, Pune, India"
The Puneri Fries,"Wakad, Pune, India"
Kobe Sizzlers,"Aundh, Pune, India"
Cafe ON,"Aundh, Pune, India"
The Puneri Breakfast,"Wakad, Pune, India"
Eagle Boys Pizza,"Hinjawadi, Pune, India"
Ambar Family Restaurant,"Aundh, Pune, India"
Golden Dragon Veg Non Veg,"Wakad, Pune, India"
Super Heroes Cafe,"Aundh, Pune, India"
House Of Thali's,"Baner, Pune, India"
Eat-O-Keto,"Baner, Pune, India"
Vandaag - Vivanta Pune,"Hinjawadi, Pune, India"
House Of Thali,"Baner, Pune, India"
Khichdi Flavours,"Wakad, Pune, India"
Darjeeling Momos,"Aundh, Pune, India"
Golden Dragon Chinese And Snack Center,"Pashan, Pune, India"
Joshi Wadewale,"Baner, Pune, India"
Mauli Misal - Naad Nashikcha,"Aundh, Pune, India"
The K Cafe,"Wakad, Pune, India"
Kabila,"Sus, Pune, India"
TQD Instabowl,"Hinjawadi, Pune, India"
TUB - The Unlimited Bar,"Baner, Pune, India"
Khandeshi Darbar,"Baner, Pune, India"
7 Seas Wine n Dine,"Baner, Pune, India"
Delhi Kitchen,"Aundh, Pune, India"
The Chinese Wok,"Hinjawadi, Pune, India"
Creaminal Treats,"Balewadi, Pune, India"
The Food Gym,"Balewadi, Pune, India"
Blue Parrot,"Baner, Pune, India"
New Poona Bakery,"Wakad, Pune, India"
Lassi Ghar,"Wakad, Pune, India"
Testy Roll House,"Balewadi, Pune, India"
Hyderabad Dum Biryani,"Hinjawadi, Pune, India"
Aditi Hotel,"Hinjawadi, Pune, India"
Shraddha Food Corner,"Hinjawadi, Pune, India"
Indori Sarafa,"Hinjawadi, Pune, India"
Tokyo Bakery,"Baner, Pune, India"
Signature Family Resto & Bar,"Baner, Pune, India"
Le Bano,"Wakad, Pune, India"
Tapkir Misal House,"Pashan, Pune, India"
Merlin's Bar - The Orchid Hotel,"Balewadi, Pune, India"
Yash's Kitchen,"Hinjawadi, Pune, India"
Chettinad Box,"Aundh, Pune, India"
Ranjai Garden Family Restaurant,"Wakad, Pune, India"
The Puneri Burger,"Wakad, Pune, India"
I.T House Food,"Baner, Pune, India"
Harron'z Kitchen,"Aundh, Pune, India"
Parathawali Gali,"Baner, Pune, India"
3 Monkeys Cafe,"Wakad, Pune, India"
Biryani Point,"Hinjawadi, Pune, India"
Chai Ke Diwane,"Aundh, Pune, India"
Kebab And Company,"Baner, Pune, India"
Salt 1,"Hinjawadi, Pune, India"
Lucknowi Laziz,"Sus, Pune, India"
Maha Khavaiyye,"Wakad, Pune, India"
Baker's Basket,"Aundh, Pune, India"
Talk About Multi Cuisine Restaurant & Bar,"Hinjawadi, Pune, India"
Namma Kitchen,"Baner, Pune, India"
Burger Story,"Wakad, Pune, India"
Avadhoot Restaurant,"Wakad, Pune, India"
Ahare Bahare - Authentic Bengali Cuisine,"Wakad, Pune, India"
The Hidden Kitchen,"Hinjawadi, Pune, India"
Masala Wok,"Wakad, Pune, India"
Frangipani - Oxford Golf Resort,"Lavale, Pune, India"
#Selfieccino,"Aundh, Pune, India"
New Royal Chinese,"Aundh, Pune, India"
Spice It - Hotel Ibis,"Hinjawadi, Pune, India"
Zakkas,"Hinjawadi, Pune, India"
Cabaret,"Baner, Pune, India"
Cafe Bay Leaf - Holiday Inn Pune Hinjawadi,"Hinjawadi, Pune, India"
Shiv Sagar,"Aundh, Pune, India"
Mogambo Pav Bhaji And Juice,"Hinjawadi, Pune, India"
Shanmukha,"Hinjawadi, Pune, India"
Gabroo Da Dhaba,"Baner, Pune, India"
Lehza Veg Divine,"Wakad, Pune, India"
Yaron Da Adda,"Wakad, Pune, India"
Kulhad,"Wakad, Pune, India"
Beach Town Cafe,"Pashan, Pune, India"
Vitthal Restaurant,"Aundh, Pune, India"
Cafe Brava,"Aundh, Pune, India"
Hotel Sanman,"Baner, Pune, India"
Mirchiram Veg- Non Veg Restaurant,"Balewadi, Pune, India"
Gappa Goshti,"Wakad, Pune, India"
Tha Arya Kitchen,"Aundh, Pune, India"
Mr. Chopsticks,"Baner, Pune, India"
Chilled Affair,"Aundh, Pune, India"
Pot De Fusion,"Hinjawadi, Pune, India"
Khalsa Veg,"Baner, Pune, India"
Spice Nation,"Hinjawadi, Pune, India"
Cafe Coffee Hutt,"Wakad, Pune, India"
Rajwada,"Baner, Pune, India"
Jalebi Junction,"Baner, Pune, India"
AthaanS,"Wakad, Pune, India"
Vyankis Eating Co,"Baner, Pune, India"
Manna Dosa Magic,"Wakad, Pune, India"
The Majestic Bar & Resto,"Wakad, Pune, India"
New Era Bakery,"Baner, Pune, India"
Amul Restaurant,"Wakad, Pune, India"
Ghar Ka Khana,"Hinjawadi, Pune, India"
Cafe 4U,"Baner, Pune, India"
Naples Staples,"Hinjawadi, Pune, India"
Boulevard - The Orchid Hotel,"Balewadi, Pune, India"
Mr. Veg,"Aundh, Pune, India"
Juice Destination,"Aundh, Pune, India"
Burger 57,"Wakad, Pune, India"
The Cheezy Sandwich,"Baner, Pune, India"
UFO Burger Kitchen,"Wakad, Pune, India"
Berozgar Bawarchi,"Pashan, Pune, India"
What A Burger,"Baner, Pune, India"
Fit & Fat Bistro,"Aundh, Pune, India"
Bedis Naan House,"Baner, Pune, India"
Mahesh Andra Mess,"Hinjawadi, Pune, India"
Barbeque Celebration,"Hinjawadi, Pune, India"
Kebab Nation,"Baner, Pune, India"
Apricot Veg,"Wakad, Pune, India"
Cream Centre,"Baner, Pune, India"
Tabbu's,"Hinjawadi, Pune, India"
BottomsUp Resto,"Hinjawadi, Pune, India"
Virinda Pav Bhaji,"Hinjawadi, Pune, India"
Sadanand Resorts,"Baner, Pune, India"
Nutri Narcos,"Wakad, Pune, India"
Green Park Exotic,"Baner, Pune, India"
Nandu's Paratha,"Baner, Pune, India"
VS Pooriwala,"Baner, Pune, India"
Delish,"Wakad, Pune, India"
Cafe Delights,"Wakad, Pune, India"
Engineer's Cafe,"Balewadi, Pune, India"
Mogambo Pav Bhaji And Juice,"Hinjawadi, Pune, India"
Delhi Swad,"Wakad, Pune, India"
Tandoor Point,"Wakad, Pune, India"
Shree Ashapuri Dining Hall,"Baner, Pune, India"
Oye BC,"Balewadi, Pune, India"
Gypsy Tongue,"Wakad, Pune, India"
Sai Leela,"Pashan, Pune, India"
H2O Sports Bar & Rooftop,"Hinjawadi, Pune, India"
Mauli Tea & Snacks,"Wakad, Pune, India"
Cafe Of Thrones,"Wakad, Pune, India"
Saar By Swati Joshi,"Balewadi, Pune, India"
Friends Corner,"Wakad, Pune, India"
E Cube Cafe & Games,"Wakad, Pune, India"
Eatomania,"Pashan, Pune, India"
Shiv Shankar Chinese,"Hinjawadi, Pune, India"
Aesthetic's Nutrition,"Wakad, Pune, India"
Urthenfire,"Wakad, Pune, India"
Tasty Kona,"Baner, Pune, India"
Hotel Rajmudra,"Aundh, Pune, India"
Engineer's,"Hinjawadi, Pune, India"
Green Spoon Vegetarian Kitchen,"Baner, Pune, India"
Intreat,"Balewadi, Pune, India"
Krish Restaurant,"Wakad, Pune, India"
Rajmudra Biryani House,"Hinjawadi, Pune, India"
Hotel Jagdamb,"Wakad, Pune, India"
24/7 Gallery CafÃ© - Hyatt Place,"Hinjawadi, Pune, India"
Cakes N Crumbles,"Wakad, Pune, India"
Patlacha Wada,"Baner, Pune, India"
Desi Adda,"Wakad, Pune, India"
Siilver Spoon Family Resto & Bar,"Wakad, Pune, India"
Aroma The Green's,"Hinjawadi, Pune, India"
Delhi Bar Be Q,"Balewadi, Pune, India"
Chicken Xperience Venky's,"Wakad, Pune, India"
Lazzetti,"Baner, Pune, India"
Mannat Biryani House,"Wakad, Pune, India"
Meal O Meal,"Baner, Pune, India"
Ganesh Bhel,"Wakad, Pune, India"
Aab-o-Daana,"Wakad, Pune, India"
S7 Biryani House,"Hinjawadi, Pune, India"
Shakes & Sundaes,"Balewadi, Pune, India"
Reddys Biryani,"Hinjawadi, Pune, India"
Masala Darbar,"Wakad, Pune, India"
Rachana Restaurant,"Wakad, Pune, India"
Jay Malhar,"Balewadi, Pune, India"
Sai Kaveri,"Aundh, Pune, India"
Hotel Kaveri,"Balewadi, Pune, India"
Sarovar Family Resto & Bar,"Balewadi, Pune, India"
Hotel Rangoli Family Dhaba,"Wakad, Pune, India"
MoMo 2Go - Courtyard By Marriott Pune Hinjewadi,"Hinjawadi, Pune, India"
Box Singh,"Wakad, Pune, India"
Soy Affair,"Aundh, Pune, India"
Indian Thali House,"Hinjawadi, Pune, India"
Indian Thali House,"Hinjawadi, Pune, India"
Indorilaal,"Baner, Pune, India"
Sangrila Chinese And Fast Food,"Baner, Pune, India"
D9 Litti Chokha,"Wakad, Pune, India"
The Chinese Corner,"Baner, Pune, India"
Thekka Restro & Lounge,"Hinjawadi, Pune, India"
Roll King,"Wakad, Pune, India"
Meehira,"Wakad, Pune, India"
The Chinese Art,"Hinjawadi, Pune, India"
Hotel Red Chilly,"Wakad, Pune, India"
Brother's Kitchen,"Balewadi, Pune, India"
Kung Fu Kitchen,"Baner, Pune, India"
Biryani King,"Wakad, Pune, India"
Cake Choice,"Hinjawadi, Pune, India"
Scallions,"Baner, Pune, India"
Shandaar Shawarma,"Balewadi, Pune, India"
Whistle Podu,"Wakad, Pune, India"
Mottu Seth,"Baner, Pune, India"
Maratha Darbar,"Pashan, Pune, India"
Meat Me Here!,"Wakad, Pune, India"
Pet Pooja,"Baner, Pune, India"
Litticious- The Litti Chokha Shop,"Wakad, Pune, India"
Bakelove,"Aundh, Pune, India"
Rudra's Food,"Aundh, Pune, India"
FreshMenu,"Hinjawadi, Pune, India"
Mr. Sponzo,"Wakad, Pune, India"
Grillicious,"Baner, Pune, India"
Oyeee Desi !,"Wakad, Pune, India"
Puneri Anda Bhurji Center,"Aundh, Pune, India"
Cherry Veg & Non Veg,"Wakad, Pune, India"
Torna Mutton Khanawal,"Wakad, Pune, India"
Neopolitan Pizza,"Baner, Pune, India"
Sawaee,"Baner, Pune, India"
Shivalay A1 Dum Biryani,"Pashan, Pune, India"
Diwine Memories,"Wakad, Pune, India"
Freshia Cold Press Juice Bar,"Aundh, Pune, India"
Panchali Snacks & Meals,"Pashan, Pune, India"
Vidarbha Tadka Restaurant,"Baner, Pune, India"
Eatzip,"Wakad, Pune, India"
Rudra Pav Bhaji & Juice Bar,"Aundh, Pune, India"
Sufiz Bake House,"Pashan, Pune, India"
Desi Chulha,"Wakad, Pune, India"
Hotel Samrudh,"Hinjawadi, Pune, India"
Bawarchi,"Wakad, Pune, India"
Hotel Shivanjali,"Pashan, Pune, India"
Hotel Akshat,"Wakad, Pune, India"
Hotel Ranmala,"Baner, Pune, India"
Paper Lantern,"Aundh, Pune, India"
Namah - Hotel Ambience Excellency,"Wakad, Pune, India"
Hot Momo's And Burger,"Baner, Pune, India"
Yaaron Da Kitchen,"Pashan, Pune, India"
Thai Chin,"Balewadi, Pune, India"
M.G Biryani House,"Wakad, Pune, India"
Happy Da Punjab,"Pashan, Pune, India"
Hotel Sunrup,"Wakad, Pune, India"
Hotel Fish Land,"Wakad, Pune, India"
Nirvana's Delhi Curry,"Hinjawadi, Pune, India"
Fancy Cakes,"Hinjawadi, Pune, India"
Shiv Chinese Center,"Aundh, Pune, India"
Aarna Veg,"Hinjawadi, Pune, India"
Royal Burgerio,"Wakad, Pune, India"
Tasty Time,"Hinjawadi, Pune, India"
Maratha Village,"Pashan, Pune, India"
Shreemant Vade Wale,"Baner, Pune, India"
Shree Ganesh Fast Food,"Balewadi, Pune, India"
Royal Burgerio,"Wakad, Pune, India"
Radhika Veg Restaurant,"Aundh, Pune, India"
Food Fiesta,"Wakad, Pune, India"
Aditya Snacks Center,"Baner, Pune, India"
The Hungry Hog,"Lavale, Pune, India"
Kerala Kitchen,"Wakad, Pune, India"
All-Ways Pure Veg,"Wakad, Pune, India"
Aditya A-1 Sandwich,"Aundh, Pune, India"
Daawat-E-Punjab,"Baner, Pune, India"
Burger Boys,"Baner, Pune, India"
Dumpling Panda,"Hinjawadi, Pune, India"
Engineer's Adda,"Balewadi, Pune, India"
Khao Roti,"Baner, Pune, India"
Biryani Bowl,"Hinjawadi, Pune, India"
CafÃ© Ansh,"Hinjawadi, Pune, India"
Chef Abhi's Kitchen,"Aundh, Pune, India"
Mothers Meal,"Pashan, Pune, India"
Varuna Pure Veg,"Wakad, Pune, India"
Darshini,"Aundh, Pune, India"
Chinar Garden's China Garden,"Baner, Pune, India"
The Cake Art,"Baner, Pune, India"
Madras Cafe,"Aundh, Pune, India"
Hotel Keema,"Wakad, Pune, India"
Star Food & Caterers,"Wakad, Pune, India"
Eatino,"Baner, Pune, India"
GoodFellas Cafe & Bistro,"Wakad, Pune, India"
Sawariya Delhi Chaat And Pav Bhaji,"Wakad, Pune, India"
Matargashti,"Baner, Pune, India"
Shabrii Thalipeeth Center,"Wakad, Pune, India"
Hotel Maratha Darbar,"Hinjawadi, Pune, India"
The Bowl Job,"Balewadi, Pune, India"
Urban Meal Box,"Hinjawadi, Pune, India"
Pintu Saoji,"Baner, Pune, India"
Downtown Foods,"Wakad, Pune, India"
SD Cafe,"Pashan, Pune, India"
Famous Anda Bhurji,"Balewadi, Pune, India"
Potato Hut,"Balewadi, Pune, India"
Pacino's,"Pashan, Pune, India"
Super Eats,"Hinjawadi, Pune, India"
New Open Kitchen The Food Corner,"Sus, Pune, India"
VJ's Curry Culture,"Pashan, Pune, India"
Puneri Express,"Wakad, Pune, India"
Akshay Pure Veg Family Restaurant,"Balewadi, Pune, India"
Tulsi Malai Kulfi Icecream,"Baner, Pune, India"
Hotel Gayatri,"Pashan, Pune, India"
Taste Of Punjab,"Balewadi, Pune, India"
Hotel Shivsankar,"Hinjawadi, Pune, India"
Jai Mata Di,"Hinjawadi, Pune, India"
Desi Chulha,"Baner, Pune, India"
Diya Chinese,"Hinjawadi, Pune, India"
Shree Chamunda Purohit Dining Hall,"Hinjawadi, Pune, India"
World Of Sweets,"Wakad, Pune, India"
Your Ale House,"Baner, Pune, India"
Abhiman Pure Veg,"Pashan, Pune, India"
Food Pot,"Baner, Pune, India"
Nice Feel Cafe,"Hinjawadi, Pune, India"
MK Foods,"Balewadi, Pune, India"
A-1 Hyderabad Dum Biryani,"Balewadi, Pune, India"
Fnp Cakes 'n' More,"Hinjawadi, Pune, India"
Foodies Table,"Baner, Pune, India"
Purani Delhi,"Hinjawadi, Pune, India"
Jivitva,"Hinjawadi, Pune, India"
Brihat,"Balewadi, Pune, India"
Wink Meet & Eat,"Baner, Pune, India"
Papa's Choice,"Wakad, Pune, India"
Saurashtra Ni Rasdhar,"Baner, Pune, India"
Aaswad,"Wakad, Pune, India"
Radha Krishna,"Hinjawadi, Pune, India"
Kolhapuri Tadka,"Balewadi, Pune, India"
Sunrise Restaurant,"Hinjawadi, Pune, India"
V - Deck,"Balewadi, Pune, India"
Kesar Family Restaurant,"Balewadi, Pune, India"
Baarish,"Aundh, Pune, India"
Himanish's Cusine Veg & Non Veg,"Wakad, Pune, India"
Kibbeh,"Aundh, Pune, India"
Chai Tapri,"Baner, Pune, India"
Torso Curl - The Gym Cafe,"Baner, Pune, India"
Snacks N Shakes,"Wakad, Pune, India"
Delhi Chaat,"Balewadi, Pune, India"
Lai Bhari Kolhapuri,"Hinjawadi, Pune, India"
Tasty Chinese Rolls & Momos,"Wakad, Pune, India"
Icon Tower Canteen,"Baner, Pune, India"
Temptations,"Wakad, Pune, India"
Hotel Basri,"Baner, Pune, India"
Badashahi,"Baner, Pune, India"
Deepak Sweets,"Aundh, Pune, India"
Orchid Multi-Cuisine Restaurant - Fortune Inn Exotica,"Hinjawadi, Pune, India"
Cafe Joshua,"Aundh, Pune, India"
Mango Sweets,"Baner, Pune, India"
90's Boy Pizza,"Baner, Pune, India"
Andhra Mess,"Hinjawadi, Pune, India"
The Porch - Restaurant & Bar,"Wakad, Pune, India"
Menchie's Frozen Yogurt,"Aundh, Pune, India"
Chaitanya,"Aundh, Pune, India"
Tamanna Multi Cuisine Restaurant & Bar,"Hinjawadi, Pune, India"
Bowl Na!,"Wakad, Pune, India"
Cafe Full Stomach,"Balewadi, Pune, India"
Snapchat Cafe,"Wakad, Pune, India"
Rangoli Dhaba,"Wakad, Pune, India"
Garma Garam - The Authentic Street Food,"Wakad, Pune, India"
Collective Creams,"Aundh, Pune, India"
Malashree Pure Veg,"Hinjawadi, Pune, India"
Absolute Punjab,"Aundh, Pune, India"
That's Eat,"Hinjawadi, Pune, India"
Tea Essence Cafe,"Hinjawadi, Pune, India"
Cockatoo - The Fusion Bar & Eatery,"Wakad, Pune, India"
Moshing Cuppa,"Hinjawadi, Pune, India"
Hotel Alnoor,"Aundh, Pune, India"
Kota Kachori & Namkeens,"Wakad, Pune, India"
Banglore Iyanagr's Bakery & Sweets,"Aundh, Pune, India"
Maharashtra Restaurant,"Aundh, Pune, India"
Coffee to Cocktails Bar - Hyatt Place,"Hinjawadi, Pune, India"
Preet's Punjabi Swad,"Hinjawadi, Pune, India"
Tandoorkar's Kitchen,"Baner, Pune, India"
Aur Irani Chai,"Baner, Pune, India"
Hotel Radha,"Baner, Pune, India"
Parihar Sweets & Dry Fruits,"Aundh, Pune, India"
Chynnax - Rolls & Wraps,"Wakad, Pune, India"
Hotel Super Shriraj,"Wakad, Pune, India"
Mahesh Chicken Phulka And Litti Chokha Center,"Wakad, Pune, India"
Much Much,"Wakad, Pune, India"
Kaka's Kitchen,"Pashan, Pune, India"
Magnolia,"Baner, Pune, India"
Dragon,"Aundh, Pune, India"
Prabhu Hotel,"Hinjawadi, Pune, India"
Grab & Chill,"Hinjawadi, Pune, India"
Punjabi Tadka & Resto,"Hinjawadi, Pune, India"
Lunch Box,"Baner, Pune, India"
Fusion Dosa Factory,"Baner, Pune, India"
Mumbaian Pav Bhaji,"Baner, Pune, India"
Malvan Curry Family Restaurants,"Hinjawadi, Pune, India"
Hobbit Food,"Balewadi, Pune, India"
Neelraj Misal House,"Baner, Pune, India"
Ancient Andhra,"Hinjawadi, Pune, India"
Satej Snacks,"Baner, Pune, India"
Soy Stories,"Baner, Pune, India"
Food Galaxy,"Baner, Pune, India"
Roopa Pure Veg,"Hinjawadi, Pune, India"
Patio The Bakehouse,"Aundh, Pune, India"
Hotel Madhuban Garden Resto & Bar,"Hinjawadi, Pune, India"
Hotel Malvani Gajali,"Baner, Pune, India"
Tool Bar,"Wakad, Pune, India"
Tamanna Cafeteria,"Hinjawadi, Pune, India"
KGN Special Biryani,"Wakad, Pune, India"
Nawabi Delights,"Wakad, Pune, India"
Madurai Tiffin,"Pashan, Pune, India"
Om Sai Snacks,"Baner, Pune, India"
The Goal Post,"Baner, Pune, India"
Grooviess Island,"Wakad, Pune, India"
Lay Bhari Anda Bhurji Centre,"Hinjawadi, Pune, India"
The Hub - Hotel Ibis,"Hinjawadi, Pune, India"
Shree Datta Bhel,"Hinjawadi, Pune, India"
Shiv Sai Snacks,"Aundh, Pune, India"
Millet Express,"Baner, Pune, India"
Stats Rooftop Sports Lounge,"Baner, Pune, India"
AV Biryani House,"Wakad, Pune, India"
Healthy Diet Adda,"Wakad, Pune, India"
Hotel Marathwada,"Pashan, Pune, India"
Hotel Saffron,"Wakad, Pune, India"
Chalo Dilli,"Wakad, Pune, India"
Leeward,"Balewadi, Pune, India"
Flying Cakes,"Hinjawadi, Pune, India"
Apsara Ice Creams,"Wakad, Pune, India"
Hotel Rajyog Garden,"Wakad, Pune, India"
Daily Dabba,"Baner, Pune, India"
Makhni,"Balewadi, Pune, India"
Radhakrishna Pav Bhaji & Snacks Center,"Wakad, Pune, India"
EveBox,"Baner, Pune, India"
Shaukeen Paan Shop,"Baner, Pune, India"
Bismillah Caterer's,"Balewadi, Pune, India"
DJ's Nonveg,"Wakad, Pune, India"
Chocolate Delight Celebration Cakes,"Hinjawadi, Pune, India"
Tangelo,"Wakad, Pune, India"
Tarri-Tadka,"Wakad, Pune, India"
The Waffles Hut,"Baner, Pune, India"
Regal Cakes And Bakers,"Hinjawadi, Pune, India"
Panchali Gruha Vastu Bhandar,"Pashan, Pune, India"
Bangalore Ayyangers Bakery,"Wakad, Pune, India"
Khaidai,"Pashan, Pune, India"
The Garage Cafe,"Sus, Pune, India"
Supperyum Court,"Wakad, Pune, India"
Anda Ghotala,"Baner, Pune, India"
Prestone Resto Bar,"Wakad, Pune, India"
Vithal Kamat,"Hinjawadi, Pune, India"
Sairaj Rolls House,"Balewadi, Pune, India"
Hotel Jay Malhar,"Hinjawadi, Pune, India"
Hotel Virinda,"Hinjawadi, Pune, India"
Nirvana,"Baner, Pune, India"
Annapurna Pure Veg,"Wakad, Pune, India"
Arun Ice Creams,"Aundh, Pune, India"
Gayatri Restaurant,"Wakad, Pune, India"
Hotel Manas,"Wakad, Pune, India"
Food N Snax,"Baner, Pune, India"
Hotel Siddharth,"Pashan, Pune, India"
Peshwa Resto Bar,"Aundh, Pune, India"
Satej Misal & Snacks,"Baner, Pune, India"
Egg Mafia,"Wakad, Pune, India"
Caffeine & Calories,"Wakad, Pune, India"
Wok Talk,"Aundh, Pune, India"
FiLLi,"Aundh, Pune, India"
Box O Burger,"Wakad, Pune, India"
Piconzza,"Aundh, Pune, India"
Durva Foodies,"Baner, Pune, India"
Purab Pure Veg,"Hinjawadi, Pune, India"
Mother's Tiffin Service,"Sus, Pune, India"
Asian Harbour - Vivanta Pune,"Hinjawadi, Pune, India"
Gurukripa,"Hinjawadi, Pune, India"
Samudra Manthan Restaurant,"Baner, Pune, India"
Janhvis,"Pashan, Pune, India"
Super Samosas,"Hinjawadi, Pune, India"
Balaji Pav Bhaji,"Balewadi, Pune, India"
Yorker,"Wakad, Pune, India"
Tipsy Topsy,"Hinjawadi, Pune, India"
Anjai Matki Bhel,"Baner, Pune, India"
2ndPint BrewCo.,"Baner, Pune, India"
Taste Of Rajasthan,"Baner, Pune, India"
Pind Punjab Express,"Hinjawadi, Pune, India"
Kolhapur Village,"Baner, Pune, India"
The Yellow Point,"Hinjawadi, Pune, India"
Madras Tiffen,"Baner, Pune, India"
House of Foodies Restro,"Wakad, Pune, India"
The Burger House,"Wakad, Pune, India"
Hotel Spicy Gavran,"Hinjawadi, Pune, India"
Deshmukh Biryanis,"Baner, Pune, India"
The Foodie Monk,"Baner, Pune, India"
Chef's Pan,"Baner, Pune, India"
Tulsi Snacks & Juice Bar,"Baner, Pune, India"
Marshmallow,"Hinjawadi, Pune, India"
Hotel Ashoka,"Hinjawadi, Pune, India"
Kailash Parbat,"Aundh, Pune, India"
Ranjai,"Hinjawadi, Pune, India"
Bikaner Mithaiwale,"Baner, Pune, India"
CP7 - The BBQ Heaven,"Baner, Pune, India"
Sannidhi,"Hinjawadi, Pune, India"
Ammbiir,"Hinjawadi, Pune, India"
Toss N Stir,"Baner, Pune, India"
Shree Restaurant & Bar,"Baner, Pune, India"
Apna Adda,"Hinjawadi, Pune, India"
16â€¢18â€¢20 The Pizzeria,"Pashan, Pune, India"
Indore Spices,"Aundh, Pune, India"
Bluestone Resto Bar,"Baner, Pune, India"
Old Mumbai Ice Cream,"Wakad, Pune, India"
Royal Palace,"Hinjawadi, Pune, India"
Sarthak Family Restaurant,"Wakad, Pune, India"
Sweets Corner,"Aundh, Pune, India"
Ande Ka Funda,"Wakad, Pune, India"
Jagdamb Chicken Bhakri,"Wakad, Pune, India"
Protiens & Greens,"Baner, Pune, India"
Hotel MH44,"Wakad, Pune, India"
Brunch 'N' Munch,"Hinjawadi, Pune, India"
Mast Banarasi Paan,"Wakad, Pune, India"
Red Jack,"Wakad, Pune, India"
Sendur Saravana Bhavan,"Pashan, Pune, India"
The Village Dhaba,"Hinjawadi, Pune, India"
The Local,"Baner, Pune, India"
Jagdamb,"Wakad, Pune, India"
Hotel Shalimar,"Wakad, Pune, India"
Fresh Chapati Center And Gharguti Bhojanalya,"Aundh, Pune, India"
Kumaon Rassoi,"Hinjawadi, Pune, India"
Frozen Spoon Amul Ice Cream Parlor,"Hinjawadi, Pune, India"
Coastal Culture Restaurant,"Baner, Pune, India"
Hotel Laxmi Pure Veg,"Balewadi, Pune, India"
KBC,"Baner, Pune, India"
Desi Paratha,"Hinjawadi, Pune, India"
Biryani Express,"Hinjawadi, Pune, India"
Banarasi Tadka,"Hinjawadi, Pune, India"
Foodie Stop,"Wakad, Pune, India"
Manveer Dining Hall,"Wakad, Pune, India"
K N S Pizza & Burger,"Hinjawadi, Pune, India"
Tabbu's Pure Veg Chinese,"Hinjawadi, Pune, India"
Hotel Swarajya,"Hinjawadi, Pune, India"
Cheese Please,"Aundh, Pune, India"
Hotdog Burgers,"Wakad, Pune, India"
The KK's Foods Hotel College Catta,"Balewadi, Pune, India"
Ranna Ghor,"Pashan, Pune, India"
Le Chaat,"Baner, Pune, India"
MeraMealBox,"Baner, Pune, India"
Cakes N Bites,"Hinjawadi, Pune, India"
Shake O Holic,"Wakad, Pune, India"
Big Bang,"Wakad, Pune, India"
MM Biryani House,"Wakad, Pune, India"
Gavathi Restaurant,"Wakad, Pune, India"
Tea Post,"Baner, Pune, India"
Dakshin Bharat,"Balewadi, Pune, India"
Shiv Dining Hall & Restaurant,"Hinjawadi, Pune, India"
Khushboo Resto,"Hinjawadi, Pune, India"
Flavours - The Veg Treat,"Wakad, Pune, India"
New Supreme Pavbhaji And Creamist Live Ice Cream Rolls,"Wakad, Pune, India"
Rankala Misal House Snacks Centre,"Balewadi, Pune, India"
Mithla Paratha & Thali House,"Baner, Pune, India"
Hot Tadka Restaurant,"Wakad, Pune, India"
The Veg Culture,"Aundh, Pune, India"
Zayka,"Wakad, Pune, India"
Chai It,"Baner, Pune, India"
Minus 301 Degrees F,"Baner, Pune, India"
Paramount Ice Cream,"Baner, Pune, India"
Green Lounge,"Pashan, Pune, India"
Mags Sports Lounge,"Baner, Pune, India"
Tapri,"Lavale, Pune, India"
Hotel Sonam,"Hinjawadi, Pune, India"
Taste Destination,"Aundh, Pune, India"
Bakes By RJ,"Baner, Pune, India"
Mantraa,"Wakad, Pune, India"
Cookie Czar,"Baner, Pune, India"
Meets Place Snacks and Coffee Bar,"Wakad, Pune, India"
Swaraj,"Hinjawadi, Pune, India"
Chai Shai,"Hinjawadi, Pune, India"
Kareems,"Aundh, Pune, India"
Feast Multicuisine Restaurant -Zip By Spree Spine Hotel,"Hinjawadi, Pune, India"
Kadhai,"Aundh, Pune, India"
Madhur Family Restaurant,"Wakad, Pune, India"
Log House,"Baner, Pune, India"
Charu's,"Baner, Pune, India"
The Mint Leaf,"Hinjawadi, Pune, India"
Samruddhi Family Restaurant,"Balewadi, Pune, India"
HAS Juice Bar,"Aundh, Pune, India"
Hotel Sahara,"Wakad, Pune, India"
Saffron Resto Bar,"Wakad, Pune, India"
Kulfi Story,"Wakad, Pune, India"
The Spicy Spoon By Assal Amravati MH 27,"Hinjawadi, Pune, India"
The People's Republic,"Hinjawadi, Pune, India"
Pet Pujo,"Hinjawadi, Pune, India"
Amyra's Kitchen,"Wakad, Pune, India"
Multigrain Thalipith,"Wakad, Pune, India"
Kaffe Fuel,"Wakad, Pune, India"
Marina Cafe,"Hinjawadi, Pune, India"
King Of Paratha,"Baner, Pune, India"
Hotel Chandrama,"Aundh, Pune, India"
Hotel Barsa,"Wakad, Pune, India"
Cafe High Street Corner,"Balewadi, Pune, India"
Shree Datta Bhel,"Pashan, Pune, India"
Swara Chinese,"Wakad, Pune, India"
Coffee Conversation Cafe,"Wakad, Pune, India"
Hyderabad Biryani House,"Hinjawadi, Pune, India"
IceBerry,"Wakad, Pune, India"
Irani Cafe,"Wakad, Pune, India"
Gulacha Chaha,"Hinjawadi, Pune, India"
Puneri Darbar,"Wakad, Pune, India"
Lost Recipes,"Wakad, Pune, India"
Make My Treat,"Hinjawadi, Pune, India"
The Magic Grill,"Wakad, Pune, India"
Blue Bawarchi Pure Veg,"Wakad, Pune, India"
Kulfi Bar,"Wakad, Pune, India"
Curries & Co,"Baner, Pune, India"
Daawat Thali And Biryani House,"Wakad, Pune, India"
Kranti Snack Centre,"Hinjawadi, Pune, India"
Kwality Wall's,"Wakad, Pune, India"
Highwayz Litti Chokha,"Wakad, Pune, India"
Sudama Bhel Centre,"Wakad, Pune, India"
Taiyang,"Baner, Pune, India"
Infinity Cafe,"Hinjawadi, Pune, India"
Shreeraj Tasty,"Wakad, Pune, India"
J J's Kitchen Halal,"Wakad, Pune, India"
Swad Veg,"Aundh, Pune, India"
Ice Burst Ice Cream,"Wakad, Pune, India"
Raj Saoji Restaurant,"Wakad, Pune, India"
The Cake & Cream Factory,"Wakad, Pune, India"
24/7 Kitchen,"Wakad, Pune, India"
MM Caterers,"Pashan, Pune, India"
Kadak Zhatka,"Baner, Pune, India"
Chicken Xperience By Venky's,"Hinjawadi, Pune, India"
On The Go,"Hinjawadi, Pune, India"
Kinara Family Restaurant,"Wakad, Pune, India"
Dhadoom,"Baner, Pune, India"
New Diamond Bakery & Burger Point,"Wakad, Pune, India"
Cafe Cakes & Bites,"Hinjawadi, Pune, India"
Hotel Live,"Wakad, Pune, India"
Rice Bowl Factory,"Wakad, Pune, India"
Fresh Chapati Centre,"Aundh, Pune, India"
Hyderabad Biryani And Curry Point,"Baner, Pune, India"
Anaa's Baking Studio,"Aundh, Pune, India"
Cocktail Icecream,"Baner, Pune, India"
Shivam Pav Bhaji And Snack Centre,"Wakad, Pune, India"
Surekha Restaurant,"Wakad, Pune, India"
Shree Ji Restaurant,"Hinjawadi, Pune, India"
Tasty Bites,"Hinjawadi, Pune, India"
The Chinese Hub,"Hinjawadi, Pune, India"
Nuzaafi Biryani House,"Hinjawadi, Pune, India"
YO! MO! Yours Only Momo Outlet,"Hinjawadi, Pune, India"
Eternal Cafe,"Aundh, Pune, India"
Aparna's Kitchen,"Wakad, Pune, India"
The Smookah Lounge,"Hinjawadi, Pune, India"
The Season Cafe,"Hinjawadi, Pune, India"
Zucchini Bell,"Wakad, Pune, India"
Sasha's,"Sus, Pune, India"
Juzzz Baat Cafe,"Hinjawadi, Pune, India"
Hotel Thakur Ki Haveli,"Wakad, Pune, India"
Biryani House Veg-Non-Veg,"Balewadi, Pune, India"
Aman Caterers,"Aundh, Pune, India"
Sai Cafe Crunch,"Sus, Pune, India"
Annapurna Hotel,"Sus, Pune, India"
Coriander Leaf Restaurant,"Wakad, Pune, India"
Prem Kulfi And Ice Cream,"Wakad, Pune, India"
STEFFI,"Hinjawadi, Pune, India"
A One Chinese Tandur And Biryani House,"Wakad, Pune, India"
Famous Kulfi & Rabdi,"Wakad, Pune, India"
OarameHa's,"Hinjawadi, Pune, India"
Laxmi Juice Bar & Snacks,"Hinjawadi, Pune, India"
Singh Ka Swag,"Hinjawadi, Pune, India"
Foodeshwar,"Hinjawadi, Pune, India"
Hotel Jai Malhar,"Hinjawadi, Pune, India"
Midnight Cafe,"Hinjawadi, Pune, India"
Cake And Pastry Story,"Wakad, Pune, India"
Foodpath,"Wakad, Pune, India"
New Roll's House And Tandoori Kabab Centre,"Hinjawadi, Pune, India"
China Town,"Hinjawadi, Pune, India"
Hello Kolkata,"Hinjawadi, Pune, India"
Kekiz The Cake Shop,"Balewadi, Pune, India"
Bhosale's Misal Pav,"Wakad, Pune, India"
Darbar - E- Falafel,"Wakad, Pune, India"
Hotel Torna,"Wakad, Pune, India"
Cafe Bantaai,"Wakad, Pune, India"
Mahadev Dining Hall,"Wakad, Pune, India"
MS Point,"Sus, Pune, India"
Pangat Veg-NonVeg,"Balewadi, Pune, India"
Hotel Hungry Birds,"Hinjawadi, Pune, India"
Premji Mithaiwale,"Wakad, Pune, India"
Ti-Raga,"Hinjawadi, Pune, India"
Do! DonutZ,"Baner, Pune, India"
Hungry Birds,"Aundh, Pune, India"
Fried & Grilled Evolution,"Aundh, Pune, India"
Carnivore Clan,"Hinjawadi, Pune, India"
The Blue Leaf,"Balewadi, Pune, India"
Mad Fries,"Baner, Pune, India"
Brew Bakes,"Balewadi, Pune, India"
LSD Lebanese Shawarma Delicacy,"Wakad, Pune, India"
New Hyderabadi Dum Biryani House,"Baner, Pune, India"
FudHutz,"Baner, Pune, India"
Burger Love,"Wakad, Pune, India"
New Golden Green Restaurants,"Hinjawadi, Pune, India"
Pet Pooja,"Wakad, Pune, India"
Burger Burpp,"Wakad, Pune, India"
Geetanjali Restaurant,"Wakad, Pune, India"
Food Network,"Hinjawadi, Pune, India"
Shree Annapurna,"Hinjawadi, Pune, India"
Insta Caffe,"Hinjawadi, Pune, India"
Good Morning Sandwich,"Pashan, Pune, India"
Casa Della Pizza,"Hinjawadi, Pune, India"
WOW Laddus,"Baner, Pune, India"
Il Piccolo,"Balewadi, Pune, India"
Kebab King,"Baner, Pune, India"
7th Street,"Baner, Pune, India"
Hungry Nights 24X7,"Hinjawadi, Pune, India"
Balaji Bhel & Chat Center,"Balewadi, Pune, India"
The Flavours,"Wakad, Pune, India"
Rajmandir Ice Cream,"Wakad, Pune, India"
Badmaash,"Baner, Pune, India"
Hotel Annapurna,"Balewadi, Pune, India"
Firangi Masala,"Balewadi, Pune, India"
CafÃ¨ Strings,"Wakad, Pune, India"
Punjabi Foods Corner,"Hinjawadi, Pune, India"
Mom's Kitchen,"Wakad, Pune, India"
Wakad Taste Factory,"Wakad, Pune, India"
Cinnamon,"Hinjawadi, Pune, India"
Bombay Street Food Hub,"Balewadi, Pune, India"
Hotel Shivmalhar,"Sus, Pune, India"
Happy Singh Food Express,"Hinjawadi, Pune, India"
No Strings Attached,"Baner, Pune, India"
Area 78,"Balewadi, Pune, India"
India Currys,"Hinjawadi, Pune, India"
Ganesh Bhel,"Wakad, Pune, India"
The Hideout Coffee House,"Wakad, Pune, India"
Shahi Marathi,"Aundh, Pune, India"
Sai Snacks Center,"Hinjawadi, Pune, India"
Queen Bite Cafe,"Wakad, Pune, India"
Hotel Yashoda,"Baner, Pune, India"
Hotel Spice,"Hinjawadi, Pune, India"
United-21 Hotel,"Baner, Pune, India"
Mithai Junction,"Baner, Pune, India"
Silver Spoon,"Lavale, Pune, India"
G1's Vishwa,"Baner, Pune, India"
Cafe Mint,"Lavale, Pune, India"
Le Roll King,"Pashan, Pune, India"
Singh Saab Da Burger,"Wakad, Pune, India"
Hotel Shravani,"Hinjawadi, Pune, India"
Makrana,"Baner, Pune, India"
Pizza & Cream Cafe,"Sus, Pune, India"
Grill Royale,"Aundh, Pune, India"
Haka House,"Aundh, Pune, India"
Swaadesi,"Baner, Pune, India"
Cake Genie,"Wakad, Pune, India"
Spice Guru,"Hinjawadi, Pune, India"
Varuna Swad Desi,"Wakad, Pune, India"
Hotel Mahadev,"Hinjawadi, Pune, India"
Western Pride,"Sus, Pune, India"
My Urja,"Wakad, Pune, India"
New Naakhwa,"Balewadi, Pune, India"
Vrundavan's Angat Pangat,"Hinjawadi, Pune, India"
Neptune - Fortune Inn Exotica,"Hinjawadi, Pune, India"
Charan Sweets,"Pashan, Pune, India"
Burgers & More,"Lavale, Pune, India"
JG Resto,"Aundh, Pune, India"
Lounge 9,"Hinjawadi, Pune, India"
Burger Up!,"Aundh, Pune, India"
Burger Up!,"Aundh, Pune, India"
Platter 2 Plate,"Hinjawadi, Pune, India"
The Egg Junction,"Balewadi, Pune, India"
"Shawarma, Meals & More","Baner, Pune, India"
Oh My Rolls,"Hinjawadi, Pune, India"
Zakkas,"Hinjawadi, Pune, India"
Log House,"Baner, Pune, India"
A Stteaming Mug,"Wakad, Pune, India"
The Walnut Sweets,"Aundh, Pune, India"
Hotel Yashkaran,"Hinjawadi, Pune, India"
Tapri Shapri,"Hinjawadi, Pune, India"
Sheetal Restaurant,"Wakad, Pune, India"
Sonchafa-Home Made Food For You,"Wakad, Pune, India"
Famous Of Patna Litti Chokha,"Wakad, Pune, India"
Subcurry,"Baner, Pune, India"
Siddhivinayak Special Indori Poha Centre,"Wakad, Pune, India"
Juicy Steaks And Grills,"Wakad, Pune, India"
Jay Matadi Snacks Center,"Wakad, Pune, India"
Parathe Wala,"Hinjawadi, Pune, India"
Biryani House Chinese & Burger,"Baner, Pune, India"
Wingz,"Aundh, Pune, India"
KNS,"Wakad, Pune, India"
Noodle House,"Wakad, Pune, India"
Zaika Chai,"Aundh, Pune, India"
Tasty Gem,"Aundh, Pune, India"
Sadanand Pure Veg,"Hinjawadi, Pune, India"
Burger Up,"Wakad, Pune, India"
Hotel Sahara,"Hinjawadi, Pune, India"
Mumbai Seekh Paratha,"Wakad, Pune, India"
Pickle Takeaways,"Hinjawadi, Pune, India"
The Red Lion Hotel,"Hinjawadi, Pune, India"
A1 Ketars And Biryani House,"Hinjawadi, Pune, India"
Lord Of Combos,"Hinjawadi, Pune, India"
Moms Magic Snacks And Foods,"Aundh, Pune, India"
Lucifers Tavern,"Baner, Pune, India"
Multi Flavour Pani Puri,"Wakad, Pune, India"
Royal Biryani Zone,"Wakad, Pune, India"
Flavours Yummy Tasty,"Wakad, Pune, India"
Indian Fresh Fruit Juice Centre,"Baner, Pune, India"
A1 Famous Caterers,"Aundh, Pune, India"
Capsicum Restaurant And Bar,"Baner, Pune, India"
Prabhu Coffee Shop,"Wakad, Pune, India"
38 Carrot Cafe,"Aundh, Pune, India"
Cafe Millenials,"Wakad, Pune, India"
Dakshin Davangiri Dosa,"Wakad, Pune, India"
Mast Cafe & Biryani,"Hinjawadi, Pune, India"
JK's Food Hub,"Aundh, Pune, India"
Hotel Testy Street Veg And Non veg,"Wakad, Pune, India"
Mauli Dhapate House,"Balewadi, Pune, India"
RS 16,"Hinjawadi, Pune, India"
Cafe One On One,"Baner, Pune, India"
Shahi Taste of Hyderabad,"Baner, Pune, India"
King's Chinese Center,"Hinjawadi, Pune, India"
Om Sai Fast Food,"Hinjawadi, Pune, India"
Tasty Spoon,"Hinjawadi, Pune, India"
Mankudam,"Hinjawadi, Pune, India"
Coconut Kitchen,"Sus, Pune, India"
9to3,"Wakad, Pune, India"
Indian Biryani House,"Wakad, Pune, India"
Punjabi Kitchen,"Hinjawadi, Pune, India"
The South Coast,"Wakad, Pune, India"
Kanak Veg Non Veg,"Aundh, Pune, India"
Ocean's Bite,"Wakad, Pune, India"
Tandoor Capital,"Wakad, Pune, India"
Pablo's Cafe,"Aundh, Pune, India"
Swarajya Hotel,"Hinjawadi, Pune, India"
Sudama Juice Bar,"Hinjawadi, Pune, India"
Quick Byte,"Hinjawadi, Pune, India"
Coffee Hub,"Wakad, Pune, India"
Hotel Maharaja,"Wakad, Pune, India"
Spice Guru,"Baner, Pune, India"
Chaat Mania,"Wakad, Pune, India"
Home Cakes,"Wakad, Pune, India"
Shree Ganesh Dining Hall,"Hinjawadi, Pune, India"
Hotel Lazeez,"Baner, Pune, India"
The Chinese House,"Baner, Pune, India"
Anu's Chinese Centre,"Hinjawadi, Pune, India"
Cafe Royal Sip,"Hinjawadi, Pune, India"
Taste Of Hyderabad,"Baner, Pune, India"
Karavali Sea Food Special,"Pashan, Pune, India"
Kamate Foods,"Hinjawadi, Pune, India"
NGP Express,"Wakad, Pune, India"
Mr & Mrs Idly,"Balewadi, Pune, India"
Sairat,"Wakad, Pune, India"
Candy Crush,"Hinjawadi, Pune, India"
Hakka Ville,"Aundh, Pune, India"
Pizza Town,"Hinjawadi, Pune, India"
Super Sambar Express,"Wakad, Pune, India"
Burger Canteen,"Wakad, Pune, India"
Food Darbar,"Wakad, Pune, India"
K.K. Snacks & Paratha,"Wakad, Pune, India"
Laziz A Hyderabad,"Baner, Pune, India"
Bismillah Caterers,"Pashan, Pune, India"
Mr. Shawarma Express,"Hinjawadi, Pune, India"
Bismillah Catering,"Wakad, Pune, India"
Khandeshi Swad,"Baner, Pune, India"
Mother's & Father's Kitchen,"Wakad, Pune, India"
Eat Indian Company,"Wakad, Pune, India"
Hotel Singh And Ching,"Baner, Pune, India"
Cake Trail,"Baner, Pune, India"
Ali Bhopali,"Wakad, Pune, India"
Hotel C . Com,"Hinjawadi, Pune, India"
Matoshree Hotel,"Hinjawadi, Pune, India"
North And South Station,"Baner, Pune, India"
Nurani Caterers,"Baner, Pune, India"
Burg Pav,"Aundh, Pune, India"
Shreya Snacks Centre,"Baner, Pune, India"
Shivam Misal House,"Hinjawadi, Pune, India"
Shawarmawala,"Wakad, Pune, India"
Eggie's,"Aundh, Pune, India"
The Shawarma Treat,"Baner, Pune, India"
Chocolate Biclate Cake Shop,"Baner, Pune, India"
Cafe TSP,"Baner, Pune, India"
Mintulsi The Thali,"Balewadi, Pune, India"
New Biryani House,"Hinjawadi, Pune, India"
SLM Food Point,"Hinjawadi, Pune, India"
JK Food Court,"Wakad, Pune, India"
The Lounge@Being Baba,"Hinjawadi, Pune, India"
PUBG Tea Cafe Zone,"Hinjawadi, Pune, India"
A 2 Z Spicy,"Wakad, Pune, India"
Galaxy Chinese & Fast food,"Hinjawadi, Pune, India"
Hotel Rasoi,"Hinjawadi, Pune, India"
Zanzibar Cafe,"Baner, Pune, India"
R. C. Corner,"Aundh, Pune, India"
Time Plz,"Wakad, Pune, India"
Hotel Ashirwad,"Wakad, Pune, India"
Tandoori Point,"Pashan, Pune, India"
G Space,"Aundh, Pune, India"
Shree Thakur Dhaba,"Hinjawadi, Pune, India"
Mithaas,"Hinjawadi, Pune, India"
Chinese To China,"Hinjawadi, Pune, India"
Hyderabadi Biryani.com,"Wakad, Pune, India"
Shri Atithi Eatery,"Hinjawadi, Pune, India"
Curry Park Veg Non-Veg,"Hinjawadi, Pune, India"
Ice N Spice,"Hinjawadi, Pune, India"
New Jagdamba Hotel,"Aundh, Pune, India"
Budget Bites,"Baner, Pune, India"
Royal Cherry,"Balewadi, Pune, India"
Kitchen Diary,"Wakad, Pune, India"
WS Bakers,"Balewadi, Pune, India"
Sambar House,"Wakad, Pune, India"
Swarajya Biryani House,"Hinjawadi, Pune, India"
Kairee Restaurant,"Baner, Pune, India"
Savlahari Pot Ice Cream & Mastani,"Wakad, Pune, India"
100 Rupis.com Burgers & More,"Wakad, Pune, India"
Cafe M Cube,"Wakad, Pune, India"
Cafe Soosha,"Aundh, Pune, India"
Shreyash Rolls,"Wakad, Pune, India"
Monginis,"Aundh, Pune, India"
Baner Katta,"Baner, Pune, India"
Delicious Hyderabad,"Baner, Pune, India"
S.R. Biryani,"Hinjawadi, Pune, India"
Fast And Curryous,"Aundh, Pune, India"
Vir Da Dhaba,"Hinjawadi, Pune, India"
Combo Chinese,"Hinjawadi, Pune, India"
Cla6 Tea bar,"Hinjawadi, Pune, India"
Kukoos Soaji,"Balewadi, Pune, India"
Hydrabadi Biryani Dot Com,"Wakad, Pune, India"
Chai Pani,"Sus, Pune, India"
Anna Lunch Home,"Hinjawadi, Pune, India"
OTW - ON THE WAY,"Aundh, Pune, India"
The Stats Rooftop Sports Lounge,"Baner, Pune, India"
Hotel Rajmudra,"Wakad, Pune, India"
Kohinoor Delhi Chaat,"Wakad, Pune, India"
Pirates Shack,"Baner, Pune, India"
YaSo Cafe,"Hinjawadi, Pune, India"
Yo Cafe,"Hinjawadi, Pune, India"
Amit Foods,"Hinjawadi, Pune, India"
Shree Mahalaxmi Dining Hall,"Wakad, Pune, India"
R And D Foods,"Hinjawadi, Pune, India"
Desi Urban Rasoi,"Hinjawadi, Pune, India"
Hotel Shree Cafe,"Hinjawadi, Pune, India"
Rahul Italias,"Hinjawadi, Pune, India"
Jay Ganesh Tea Cafe,"Hinjawadi, Pune, India"
Tandoor Singh,"Hinjawadi, Pune, India"
The Eat,"Baner, Pune, India"
SSS Hydrabadi Biryani House,"Hinjawadi, Pune, India"
Taste Of Nawab,"Hinjawadi, Pune, India"
Hotel New Cafe,"Hinjawadi, Pune, India"
Pokket Cafe -Shubham Foods,"Wakad, Pune, India"
Hotel Patil,"Aundh, Pune, India"
Ashirwad Biryani,"Hinjawadi, Pune, India"
Bhatinda Express,"Hinjawadi, Pune, India"
Varhadi Handi Mini Restaurant,"Wakad, Pune, India"
Bring Eat,"Balewadi, Pune, India"
Daawat-E-Delhi,"Hinjawadi, Pune, India"
Al Madina Restaurant,"Baner, Pune, India"
MB Express,"Baner, Pune, India"
Happy Treats,"Hinjawadi, Pune, India"
Hotel Jagdamb,"Wakad, Pune, India"
Brother's Special Chicken Tikka,"Wakad, Pune, India"
Punjabi Junction,"Hinjawadi, Pune, India"
Annapurna Paratha House,"Hinjawadi, Pune, India"
Twin Tower,"Hinjawadi, Pune, India"
The Culinary Box,"Hinjawadi, Pune, India"
Shrusti Tiffin Services,"Wakad, Pune, India"
Aarna Veg,"Hinjawadi, Pune, India"
Hashtag Burger Box,"Baner, Pune, India"
The Bliss Cafe,"Wakad, Pune, India"
Heaven,"Baner, Pune, India"
Happy Da Kitchen,"Aundh, Pune, India"
Mini Punjab Dhaba,"Hinjawadi, Pune, India"
Sauce Pan,"Wakad, Pune, India"
The Roadies Cafe,"Balewadi, Pune, India"
Mirchi Mary,"Aundh, Pune, India"
Sindhi Snacks Center,"Wakad, Pune, India"
Diamond Hyderabad Bawarchi,"Wakad, Pune, India"
Khushi Curries And Biryani,"Wakad, Pune, India"
Pizza 9,"Baner, Pune, India"
Sky View Restaurant,"Aundh, Pune, India"
Hotel Padmavati,"Aundh, Pune, India"
Ipotle- Indo Mexican Grill,"Hinjawadi, Pune, India"
New Shanti Sagar Pure Veg,"Baner, Pune, India"
Chulha Chowka,"Hinjawadi, Pune, India"
Frozen Shakes,"Baner, Pune, India"
Malik's Biryani,"Hinjawadi, Pune, India"
After Hours Night Kitchen,"Aundh, Pune, India"
S R Cafe,"Wakad, Pune, India"
Shree Wadewale,"Wakad, Pune, India"
The Momo Monk,"Hinjawadi, Pune, India"
Paradise Biryani House,"Hinjawadi, Pune, India"
Rewind,"Hinjawadi, Pune, India"
New Poona Bakery,"Hinjawadi, Pune, India"
Hotel Aditi,"Hinjawadi, Pune, India"
Hanvitha South Indian Family Restaurant,"Hinjawadi, Pune, India"
The 60's Cafe & Burger House,"Wakad, Pune, India"
Sunrise Super Restaurant,"Hinjawadi, Pune, India"
Kolkata Roll Point,"Baner, Pune, India"
Gokul's Recipe,"Balewadi, Pune, India"
Aundh Katta,"Aundh, Pune, India"
The Health Password,"Aundh, Pune, India"
Cafe Candy Crush,"Wakad, Pune, India"
Frozen Scoop,"Wakad, Pune, India"
Bindaas Bawarchi,"Wakad, Pune, India"
Budget Box,"Aundh, Pune, India"
Mahesh Paratha Ghar,"Wakad, Pune, India"
Da White Mustache,"Hinjawadi, Pune, India"
Con-Fusion,"Aundh, Pune, India"
The Rice House,"Wakad, Pune, India"
Hotel Sagar,"Balewadi, Pune, India"
Bhavi Hotel & Restaurant,"Hinjawadi, Pune, India"
Ajinkya Executive,"Wakad, Pune, India"
Tiranga Hotel,"Hinjawadi, Pune, India"
Shiv Bhojnalaya,"Baner, Pune, India"
Konkan Darya,"Wakad, Pune, India"
Royal Rudra,"Wakad, Pune, India"
Coffee House,"Wakad, Pune, India"
Neel's Kitchen,"Aundh, Pune, India"
Cafe Java,"Wakad, Pune, India"
Hotel Vishakha,"Wakad, Pune, India"
Sugras Foods,"Wakad, Pune, India"
Punjabi Chillies,"Balewadi, Pune, India"
Classic Chinese & Parantha House,"Hinjawadi, Pune, India"
Cafe Cozy Cups,"Aundh, Pune, India"
Swad Biryani House,"Aundh, Pune, India"
Sweet Treat,"Pashan, Pune, India"
Frost Stone Creamery,"Baner, Pune, India"
Royal Maratha,"Baner, Pune, India"
Crown Lunch Home,"Baner, Pune, India"
Kitchen Kalinga,"Hinjawadi, Pune, India"
New Chinese Point,"Baner, Pune, India"
Chaudhari Dhaba,"Hinjawadi, Pune, India"
Flavours on Stone,"Hinjawadi, Pune, India"
Pablo Resto Cafe,"Balewadi, Pune, India"
Indian Zing,"Baner, Pune, India"
Nihal's Insta Food,"Sus, Pune, India"
The Paratha House,"Aundh, Pune, India"
Cafe Eatitude,"Balewadi, Pune, India"
Real Spice,"Baner, Pune, India"
Dimitri Cafe and Delivery,"Hinjawadi, Pune, India"
Ameya Snacks Centre,"Wakad, Pune, India"
Meals Junction,"Balewadi, Pune, India"
R K's Midnight Munches,"Wakad, Pune, India"
The Chinese House,"Wakad, Pune, India"
2 States,"Baner, Pune, India"
Aditya Foods,"Sus, Pune, India"
The Biryani Pot,"Baner, Pune, India"
Paneer King,"Wakad, Pune, India"
Vikas Paratha Center,"Wakad, Pune, India"
Kabab-E-Que,"Wakad, Pune, India"
3.14 Hand Rolled Traditional Pizzas,"Baner, Pune, India"
Rohan's Kitchen,"Wakad, Pune, India"
RK's Night Panda,"Wakad, Pune, India"
Aswad Katta,"Hinjawadi, Pune, India"
SR Food Court,"Wakad, Pune, India"
Delhi Chaap Express,"Wakad, Pune, India"
Baner Chaupati,"Baner, Pune, India"
Jagdamba Chinese Center,"Wakad, Pune, India"
Annapurna South & Chaat,"Baner, Pune, India"
Hotel Dajiba,"Hinjawadi, Pune, India"
MM Cake Shop,"Wakad, Pune, India"
Ujwal Fast Food,"Baner, Pune, India"
Park Street Kitchen,"Wakad, Pune, India"
Chakh Le India,"Hinjawadi, Pune, India"
Hotel Royal Rankala Kolhapuri,"Aundh, Pune, India"
Hotel Gangasagar,"Balewadi, Pune, India"
Tummy Ticklers,"Balewadi, Pune, India"
Mozzarr's Pizzaworks,"Hinjawadi, Pune, India"
Joy of Baking,"Wakad, Pune, India"
A & G Kitchen's,"Hinjawadi, Pune, India"
Rihana's Biryani,"Balewadi, Pune, India"
Zhakkas,"Baner, Pune, India"
Puneri Khana,"Baner, Pune, India"
My Food Planet,"Aundh, Pune, India"
Vinayaka's Thali & Paratha Box,"Baner, Pune, India"
Flat Tummi,"Hinjawadi, Pune, India"
Puneri Thali,"Aundh, Pune, India"
Omc's Biryani House,"Balewadi, Pune, India"
The Grub Hub,"Baner, Pune, India"
Banjira,"Hinjawadi, Pune, India"
Annachi Misal,"Hinjawadi, Pune, India"
Taste Is Good,"Hinjawadi, Pune, India"
Masha Allah,"Hinjawadi, Pune, India"
Bala's Hotel Poonam,"Hinjawadi, Pune, India"
Hotel Wada,"Aundh, Pune, India"
Heaven House Restro,"Wakad, Pune, India"
Hotel Kolhapuri,"Wakad, Pune, India"
Hotel Maharaja,"Hinjawadi, Pune, India"
Kabab Mein Haddi,"Wakad, Pune, India"
Cafe Good Times,"Aundh, Pune, India"
Puneri Vada,"Hinjawadi, Pune, India"
Pronto By Grillicious,"Baner, Pune, India"
Diamonds,"Aundh, Pune, India"
Shree Samarth Bhurji Center,"Baner, Pune, India"
Juice Factory,"Balewadi, Pune, India"
Maroosh,"Balewadi, Pune, India"
Dineshaw's Ice Cream,"Aundh, Pune, India"
Tummy Toll,"Wakad, Pune, India"
Siddhivinayak Veg,"Aundh, Pune, India"
Welcome Fast Food,"Aundh, Pune, India"
Jay Mataji Bhojanalay,"Wakad, Pune, India"
Balaji Bhel,"Wakad, Pune, India"
Flavours by Gurpreet,"Aundh, Pune, India"
Sarthak Fast Food,"Wakad, Pune, India"
Awesome Snacks Center,"Balewadi, Pune, India"
Nutan Chinese Fast Food,"Hinjawadi, Pune, India"
JD Kitchen,"Aundh, Pune, India"
The Dark Katta,"Wakad, Pune, India"
Hotel Great Maratha,"Wakad, Pune, India"
K K Biryani Adda,"Hinjawadi, Pune, India"
Shivshakti Punjabi Dhaba,"Hinjawadi, Pune, India"
Anytime Coffee Shop,"Baner, Pune, India"
Savtamali Restaurant,"Baner, Pune, India"
Hotel Swaraaj,"Baner, Pune, India"
Hotel Malhar,"Hinjawadi, Pune, India"
Deli - Vivanta Pune,"Hinjawadi, Pune, India"
Kotwals Kitchen,"Hinjawadi, Pune, India"
Speedy Punjabi,"Wakad, Pune, India"
Kap's Corner,"Aundh, Pune, India"
Aaggatya Restaurant,"Wakad, Pune, India"
Hotel Sanket Inn,"Wakad, Pune, India"
Tulsi Malai Kulfi,"Aundh, Pune, India"
Aundh Retreat,"Aundh, Pune, India"
Real Taste,"Hinjawadi, Pune, India"
Hotel Dil Se,"Aundh, Pune, India"
Rainbow Darbar,"Hinjawadi, Pune, India"
Express Hotel,"Pashan, Pune, India"
Awesome Masala Restaurant,"Aundh, Pune, India"
Sai Prasad,"Hinjawadi, Pune, India"
Lutf,"Hinjawadi, Pune, India"
Hunger Killers,"Hinjawadi, Pune, India"
Moni's Cake House,"Baner, Pune, India"
Vinayaka's Kitchen,"Baner, Pune, India"
Hotel Karan,"Baner, Pune, India"
New Rasoi Garden,"Aundh, Pune, India"
Omkar Dining Hall,"Wakad, Pune, India"
Kolhapuri Tadka,"Aundh, Pune, India"
Hotel Yogi Garden,"Wakad, Pune, India"
Invitation's Today,"Balewadi, Pune, India"
Hotel Shubham,"Hinjawadi, Pune, India"
More Chinar Snack Centre,"Baner, Pune, India"
Urbounce Cafe,"Baner, Pune, India"
GOZO Homemade Icecreams,"Baner, Pune, India"
Halka Fulka,"Wakad, Pune, India"
Italian,"Aundh, Pune, India"
Cocktails,"Balewadi, Pune, India"
Spice Rack,"Wakad, Pune, India"
Praa Da Dhaba,"Wakad, Pune, India"
Hyderabadi Biryani,"Hinjawadi, Pune, India"
Sarjaa,"Wakad, Pune, India"
Delish Kitchen,"Hinjawadi, Pune, India"
3 Brothers The Pizzeria,"Pashan, Pune, India"
Sujata's Pav Bhaji and Misal,"Wakad, Pune, India"
Ancient Andhra,"Hinjawadi, Pune, India"
Phase 3 Resto,"Hinjawadi, Pune, India"
Shivprasad Dhaba,"Pashan, Pune, India"
Todo Mia,"Hinjawadi, Pune, India"
Tiffina Asian,"Wakad, Pune, India"
Taste of South,"Baner, Pune, India"
The Indish,"Pashan, Pune, India"
Flavyos Biryani,"Baner, Pune, India"
Seasoned,"Hinjawadi, Pune, India"
Tasty Tiffin,"Hinjawadi, Pune, India"
The Taste Jalebi,"Baner, Pune, India"
Punjabi Swag,"Wakad, Pune, India"
The Royal Bowl,"Hinjawadi, Pune, India"
Taste Is Best,"Hinjawadi, Pune, India"
Royal Food,"Balewadi, Pune, India"
Akashay Pure Veg,"Hinjawadi, Pune, India"
Akashay Pure Veg,"Hinjawadi, Pune, India"
Bottoms Up,"Hinjawadi, Pune, India"
Healthy Meals,"Wakad, Pune, India"
Bakers Prime,"Baner, Pune, India"
Southie Sambar,"Wakad, Pune, India"
Hotel Chai Pakoda,"Wakad, Pune, India"
Dal Bati,"Hinjawadi, Pune, India"
Khusbu Wada Pav And Tea Center,"Hinjawadi, Pune, India"
Hotel Om Annapurna,"Wakad, Pune, India"
The Food Stop,"Aundh, Pune, India"
Baked Magic,"Aundh, Pune, India"
Pune Lunch Home,"Baner, Pune, India"
Bhau'z Cafe,"Wakad, Pune, India"
Sai's Kitchen,"Pashan, Pune, India"
Hotel College Katta,"Balewadi, Pune, India"
S Food World,"Wakad, Pune, India"
Cafe Celebration Point,"Hinjawadi, Pune, India"
Vickyâ€™s Shahi Shawarma,"Hinjawadi, Pune, India"
Taaj Darbar Caterers,"Wakad, Pune, India"
Chatrapati Pan Shop,"Wakad, Pune, India"
Urban Foods & Cafe,"Hinjawadi, Pune, India"
Shrinath Pav Bhaji Center,"Baner, Pune, India"
Hoppers & Co.,"Baner, Pune, India"
Sahi Darbar,"Wakad, Pune, India"
The Biryani Factory,"Baner, Pune, India"
New Star Food & Catering,"Wakad, Pune, India"
1989 CAFE,"Hinjawadi, Pune, India"
5 Star Snacks,"Baner, Pune, India"
Kanchan Dudh Dairy And Sweets,"Wakad, Pune, India"
Ayush Caterers,"Aundh, Pune, India"
Raj Rasoi,"Hinjawadi, Pune, India"
Hotel Portland 34 Chowpatty,"Baner, Pune, India"
Lovely Foods,"Balewadi, Pune, India"
Nirvana Pocket Friendly,"Baner, Pune, India"
Rajendra Pav Baji Juice Bar,"Wakad, Pune, India"
House of Tea,"Wakad, Pune, India"
Food China - Momos And Noodles,"Pashan, Pune, India"
Sant Savata Mess,"Balewadi, Pune, India"
Dilli Ke Chatore,"Hinjawadi, Pune, India"
Blue Dragon,"Aundh, Pune, India"
Mega Bite,"Hinjawadi, Pune, India"
Mannat Biryani House,"Wakad, Pune, India"
Back Benchers The Food Cafe,"Wakad, Pune, India"
Balaji Fast Food,"Aundh, Pune, India"
Rudra Juice Bar,"Wakad, Pune, India"
Sharon Special Biryani,"Balewadi, Pune, India"
Bread Bar,"Aundh, Pune, India"
JK's Food Hub,"Aundh, Pune, India"
Manu's Cafe,"Pashan, Pune, India"
Star 1 Cakes,"Hinjawadi, Pune, India"
Northern Flavours Red Box,"Hinjawadi, Pune, India"
Cafe Creamy Nuts,"Wakad, Pune, India"
Aannachi Misal,"Hinjawadi, Pune, India"
Biker's Bite,"Hinjawadi, Pune, India"
Arena's Biryanis,"Balewadi, Pune, India"
Mystery Meal,"Wakad, Pune, India"
Food Esqure,"Wakad, Pune, India"
What's The Scoop,"Baner, Pune, India"
Eat Best,"Hinjawadi, Pune, India"
Al Lazeez Home Kitchen,"Aundh, Pune, India"
Shree Sundha Dinning Hall Veg Restaurant,"Baner, Pune, India"
Cup a Tea,"Balewadi, Pune, India"
Nigh2,"Wakad, Pune, India"
Suprabhat Tiffins,"Hinjawadi, Pune, India"
LT Biryani,"Balewadi, Pune, India"
Just Fried Evolution,"Baner, Pune, India"
Kaka Wadewale,"Baner, Pune, India"
Swaraja Hotel,"Aundh, Pune, India"
Biryani On Fire,"Hinjawadi, Pune, India"
Fine To Dine,"Aundh, Pune, India"
Sana Hydrabadi Darbar,"Wakad, Pune, India"
Fat Jar Cafe,"Baner, Pune, India"
Eatkart Biryani Currys,"Hinjawadi, Pune, India"
Biryani Paradise,"Baner, Pune, India"
Master Chef,"Wakad, Pune, India"
The Dragon Story,"Hinjawadi, Pune, India"
The Shanghai Street,"Hinjawadi, Pune, India"
Spicy Express,"Hinjawadi, Pune, India"
Signature Kolkata - Home Style Bengali Kitchen,"Wakad, Pune, India"
Kamate Foods And Tiffin Services,"Hinjawadi, Pune, India"
The Noodle Xprs,"Hinjawadi, Pune, India"
Aai's Kitchen,"Hinjawadi, Pune, India"
Sandwich King,"Aundh, Pune, India"
Chinese Addicted,"Wakad, Pune, India"
Chinese Junction,"Wakad, Pune, India"
Nivis Paratha,"Wakad, Pune, India"
Ek Omkar,"Aundh, Pune, India"
Shrisha's Kitchen,"Pashan, Pune, India"
Hotel Shivam,"Hinjawadi, Pune, India"
New Rajdhani Caterers,"Aundh, Pune, India"
Urban Meals,"Aundh, Pune, India"
Angrez Biryani,"Aundh, Pune, India"
Hotel Pm To Am,"Wakad, Pune, India"
Eat-n-Dream,"Wakad, Pune, India"
Puneon,"Baner, Pune, India"
Crowd 63,"Hinjawadi, Pune, India"
The Food Court,"Wakad, Pune, India"
Hotel Rasoi,"Hinjawadi, Pune, India"
K G Mama,"Balewadi, Pune, India"
Nookkad,"Sus, Pune, India"
Hotel Shubhangi,"Aundh, Pune, India"
R Samarth's Cafe,"Balewadi, Pune, India"
New Goodluckk Cafe,"Hinjawadi, Pune, India"
The Cake House,"Hinjawadi, Pune, India"
The Sanghai Court,"Hinjawadi, Pune, India"
Mr.Chefer,"Baner, Pune, India"
The Broken Egg,"Aundh, Pune, India"
Aary Pure Veg Restaurant,"Wakad, Pune, India"
S.K. Chinese Center,"Sus, Pune, India"
Minerva,"Hinjawadi, Pune, India"
Arena's Biryani,"Balewadi, Pune, India"
Foodastic,"Hinjawadi, Pune, India"
TCG - The Cheese Games,"Aundh, Pune, India"
Flavours,"Hinjawadi, Pune, India"
Nile Bakers Cafeteria,"Wakad, Pune, India"
Jay Tulajabhavani Bhojanalay,"Pashan, Pune, India"
Flavours,"Hinjawadi, Pune, India"
Flavours,"Hinjawadi, Pune, India"
Shree Kal Bhairavnath,"Hinjawadi, Pune, India"
Mahalaxmi Mess and Hotel,"Hinjawadi, Pune, India"
Eat And Treat,"Wakad, Pune, India"
Moms Paratha,"Hinjawadi, Pune, India"
Lazeez Hub,"Pashan, Pune, India"
Ancient Udupi,"Hinjawadi, Pune, India"
Y2k,"Hinjawadi, Pune, India"
Poorna Restaurant,"Hinjawadi, Pune, India"
Hotel Omkar,"Wakad, Pune, India"
Annpurna Hotel,"Pashan, Pune, India"
MP Tadka,"Wakad, Pune, India"
Samad Foods New Poona Bakery,"Hinjawadi, Pune, India"
Simran Court Restaurant & Bar,"Wakad, Pune, India"
B3,"Balewadi, Pune, India"
Masala Dabar,"Balewadi, Pune, India"
Sauce Pan,"Wakad, Pune, India"
The Pirate Bay Cafe,"Sus, Pune, India"
Food Zone,"Wakad, Pune, India"
The Paradiso Resto,"Baner, Pune, India"
Cake Choice,"Hinjawadi, Pune, India"
Taipai Momo,"Hinjawadi, Pune, India"
Aditya Bhojanalay And Caters,"Hinjawadi, Pune, India"
Kolkata Dum Biryani,"Hinjawadi, Pune, India"
Kolkata Dum Biryani,"Hinjawadi, Pune, India"
Hotel The Lavasa,"Sus, Pune, India"
Taipai Momo,"Hinjawadi, Pune, India"
The Sindh Punjab,"Hinjawadi, Pune, India"
Hotel Zayaka,"Aundh, Pune, India"
Singhgad Food Hub,"Aundh, Pune, India"
Chinese Express,"Wakad, Pune, India"
Rajmahal Hotel,"Wakad, Pune, India"
Sagar Chinese Center,"Wakad, Pune, India"
Mrunal Dosa Palace,"Hinjawadi, Pune, India"
Jotiba Dosa Center,"Wakad, Pune, India"
Red Sun Chinese And Snacks Center,"Hinjawadi, Pune, India"
Hotel Shivaai,"Hinjawadi, Pune, India"
Hotel Swad,"Wakad, Pune, India"
Mystery Plate,"Hinjawadi, Pune, India"
Hotel Aarogana,"Balewadi, Pune, India"
Cafe Town,"Wakad, Pune, India"
DK Biryani House,"Wakad, Pune, India"
Cafe +,"Hinjawadi, Pune, India"
Hotel Z,"Hinjawadi, Pune, India"
Jay Naganray Sweets,"Baner, Pune, India"
Lentils Kitchen,"Aundh, Pune, India"
Klove Kitchen,"Wakad, Pune, India"
Shree Ganesh Tea Stall,"Baner, Pune, India"
Hash Tag Meals,"Wakad, Pune, India"
Food Fantacy,"Wakad, Pune, India"
Nawabi Mehfil,"Wakad, Pune, India"
Taste Is Best Biryani House,"Hinjawadi, Pune, India"
Caffe Tree Corner,"Balewadi, Pune, India"
The Royal Maratha,"Baner, Pune, India"
Food Hub,"Baner, Pune, India"
Icy Spicy,"Baner, Pune, India"
The Northern Cafe,"Hinjawadi, Pune, India"
Cafe Durga,"Wakad, Pune, India"
Anuj Snack Centre,"Wakad, Pune, India"
Chocolate Biclate,"Hinjawadi, Pune, India"
Mughlai Biryani House,"Baner, Pune, India"
Food Mojo,"Hinjawadi, Pune, India"
Swad,"Wakad, Pune, India"
Deli Times,"Wakad, Pune, India"
Crown Pizza & Diet Foods,"Wakad, Pune, India"
Creamy Culture,"Baner, Pune, India"
Pizza Place,"Hinjawadi, Pune, India"
Food Frolic,"Balewadi, Pune, India"
Mumbai Haat,"Balewadi, Pune, India"
Max Non Veg,"Hinjawadi, Pune, India"
Hotel Mauli,"Hinjawadi, Pune, India"
Sai Cafe & Bhojnalaya,"Hinjawadi, Pune, India"
The China Gate,"Wakad, Pune, India"
The Muscle Hustle,"Wakad, Pune, India"
My Cake Story,"Wakad, Pune, India"
Dragon In,"Hinjawadi, Pune, India"
Desi Chowpati,"Baner, Pune, India"
Kalawati's Kitchen,"Pashan, Pune, India"
On The Grill,"Balewadi, Pune, India"
Nik's,"Hinjawadi, Pune, India"
Rajasthani Tadka,"Hinjawadi, Pune, India"
South Indian Crave Hub,"Hinjawadi, Pune, India"
A Sweet Affair,"Hinjawadi, Pune, India"
Hotel Shivmalahari,"Wakad, Pune, India"
Balaji Chinese & Momos,"Balewadi, Pune, India"
Laximi Palace,"Hinjawadi, Pune, India"
CafÃ© Rio,"Aundh, Pune, India"
Right 2 Eat,"Hinjawadi, Pune, India"
LazyGreens,"Aundh, Pune, India"
Hotel Ronita Paratha,"Pashan, Pune, India"
Janai Fast Food,"Pashan, Pune, India"
Thebakersfactory,"Hinjawadi, Pune, India"
Felix Bar - Holiday Inn Pune Hinjawadi,"Hinjawadi, Pune, India"
Connexions Lounge & Bar - Holiday Inn Pune Hinjawadi,"Hinjawadi, Pune, India"
Balaji Hotel,"Balewadi, Pune, India"
Black & Orange Food Cafe,"Aundh, Pune, India"
Maggi N Maggi House,"Hinjawadi, Pune, India"
Lavish Biryani,"Aundh, Pune, India"
Swagat Hotel,"Hinjawadi, Pune, India"
Delish Kitchen,"Hinjawadi, Pune, India"
DacDenil's Burger,"Baner, Pune, India"
Cafe And Waffals,"Aundh, Pune, India"
S3 CafÃ© - Salad And Smoothies,"Aundh, Pune, India"
Indilicious,"Hinjawadi, Pune, India"
Chai Bar,"Aundh, Pune, India"
400Â° The Wood Fired Cafe,"Aundh, Pune, India"
China Midtown,"Balewadi, Pune, India"
Badshahi Biryani,"Wakad, Pune, India"
Hotel Raj,"Pashan, Pune, India"
Hotel MH 14,"Wakad, Pune, India"
SK Pattern Dining Hall And Snacks Centre,"Pashan, Pune, India"
Ifruit Ice Cream,"Balewadi, Pune, India"
Kake Di Pavbhaji,"Wakad, Pune, India"
The Forestry,"Lavale, Pune, India"
IBeans,"Wakad, Pune, India"
Banajaras Homely Kitchen,"Pashan, Pune, India"
Aditya Chinese Centre,"Hinjawadi, Pune, India"
Cafe Sunshine,"Hinjawadi, Pune, India"
Dwarkadhish Farsan Mart,"Wakad, Pune, India"
Dragon Palace,"Wakad, Pune, India"
Good Morning Sandwich Burger And Shake Center,"Hinjawadi, Pune, India"
Lucky Restaurant,"Hinjawadi, Pune, India"
Reddy's Biryani House,"Baner, Pune, India"
Nagpuri Saoji Special Restaurant,"Wakad, Pune, India"
Hotel Khandesh,"Pashan, Pune, India"
Question Mark - Taste of Assam,"Hinjawadi, Pune, India"
Shree Radhakrishna,"Hinjawadi, Pune, India"
Lovely Food,"Baner, Pune, India"
Indori Dal Baati,"Wakad, Pune, India"
Pahilwan Daa Dhaba,"Wakad, Pune, India"
Wok Kitchen,"Hinjawadi, Pune, India"
Highwayz,"Wakad, Pune, India"
Indore Express,"Wakad, Pune, India"
Vadheev Misal,"Aundh, Pune, India"
Beyond Coffee,"Wakad, Pune, India"
Manglore Express,"Hinjawadi, Pune, India"
Relax Pure Veg,"Wakad, Pune, India"
SMBTC,"Hinjawadi, Pune, India"
Chinese Hub,"Wakad, Pune, India"
Moody Foody,"Wakad, Pune, India"
Kanaka Durga,"Wakad, Pune, India"
Mataji Bhojanalay,"Wakad, Pune, India"
99 Dishes,"Wakad, Pune, India"
Chakna Express Dubai Shwarma,"Wakad, Pune, India"
NightExpress.in,"Wakad, Pune, India"
Classic Food Court,"Balewadi, Pune, India"
Al Zaika Biryani House,"Baner, Pune, India"
Naan Factory,"Balewadi, Pune, India"
Tibbs Frankie,"Aundh, Pune, India"
Churros Cafe,"Baner, Pune, India"
Poonam Hotel,"Wakad, Pune, India"
Whistle Podu,"Hinjawadi, Pune, India"
Hotel Malhar Mutton Bhakari,"Hinjawadi, Pune, India"
The Veg Express,"Wakad, Pune, India"
Twenty Nine All Day Dining,"Wakad, Pune, India"
Swaadey Aalladey,"Hinjawadi, Pune, India"
Big M's,"Aundh, Pune, India"
Swayampak Poli Bhaji Center,"Wakad, Pune, India"
Celebration Point,"Hinjawadi, Pune, India"
Mad Eats,"Wakad, Pune, India"
Jojo's Kitchen,"Balewadi, Pune, India"
Mezban,"Wakad, Pune, India"
Waah Indore,"Wakad, Pune, India"
Aromas Biryani House,"Baner, Pune, India"
Jalaram Khaman,"Hinjawadi, Pune, India"
New India Catereres,"Aundh, Pune, India"
Poorva's Food Mall,"Aundh, Pune, India"
Red Chilli Kitchen,"Hinjawadi, Pune, India"
Paratha Pandit,"Hinjawadi, Pune, India"
The Dum Biryani,"Baner, Pune, India"
MH 14 Chinese And Indian Dish,"Aundh, Pune, India"
Bollywood Burger,"Wakad, Pune, India"
Hotel Tallaf,"Hinjawadi, Pune, India"
Kebab King,"Hinjawadi, Pune, India"
Cafe 76,"Wakad, Pune, India"
Gusto,"Hinjawadi, Pune, India"
Manthan Happy Pure Veg,"Wakad, Pune, India"
Sudama Bhel,"Wakad, Pune, India"
O Balle,"Wakad, Pune, India"
Old City Biryani House,"Hinjawadi, Pune, India"
DRNK Lab,"Baner, Pune, India"
Marmalade,"Aundh, Pune, India"
New Delite Oven Fresh,"Pashan, Pune, India"
Blue Box Biryani,"Balewadi, Pune, India"
The Chicken Company,"Wakad, Pune, India"
Kake Da Hotel,"Baner, Pune, India"
Arms Diet Cafe,"Wakad, Pune, India"
Royal Meals,"Wakad, Pune, India"
Saat Anaaj,"Wakad, Pune, India"
Sandwich Club,"Wakad, Pune, India"
Rolls Raees,"Wakad, Pune, India"
China Magic,"Balewadi, Pune, India"
Burger Blast,"Wakad, Pune, India"
Chinese Food Empire,"Wakad, Pune, India"
Cafe Cream,"Balewadi, Pune, India"
Zaffraan Indian Kitchen,"Aundh, Pune, India"
Adicci,"Pashan, Pune, India"
Royal Hill Dairy,"Hinjawadi, Pune, India"
Cafe Creamy Nuts,"Balewadi, Pune, India"
Teera Farms,"Wakad, Pune, India"
Raider's Den,"Baner, Pune, India"
Dakkhani Biryani,"Aundh, Pune, India"
Restro The Pasta,"Wakad, Pune, India"
Cafe Yaari Dosti,"Aundh, Pune, India"
Superman's Cafe,"Wakad, Pune, India"
The Chinese Box,"Aundh, Pune, India"
Not Just Parathas,"Wakad, Pune, India"
Southentic,"Wakad, Pune, India"
Nil Food Point,"Hinjawadi, Pune, India"
